run,frame,wall_ns,trace_ns,resample_ns,paint_ns,cpu_ns,frame_alloc_bytes,trace_alloc_bytes,actual_spp,accumulated_spp,primary,continuation,shadow,primary_tests,continuation_tests,shadow_tests
p1-bounce-room-half,0,45474800,24043500,10088700,10709900,312500000,16290840,4464,1,11,324000,802145,920529,2268000,5615015,5381700
p1-bounce-room-half,1,38532300,20272100,6908500,10737200,234375000,16290688,4440,1,12,324000,801689,920096,2268000,5611823,5378374
p1-bounce-room-half,2,36939800,18645800,7019300,10627000,250000000,16290848,4488,1,13,324000,801281,919520,2268000,5608967,5374885
p1-bounce-room-half,3,37553300,19193300,7150600,10600700,234375000,16290768,4440,1,14,324000,800773,918571,2268000,5605411,5368192
p1-bounce-room-half,4,38388400,20160100,6968400,10670600,234375000,16290704,4488,1,15,324000,801592,919753,2268000,5611144,5376934
p1-bounce-room-half,5,38241600,19993800,6909000,10698400,343750000,16290848,4488,1,16,324000,801835,920512,2268000,5612845,5382091
p1-bounce-room-half,6,37635500,18668500,7469800,10846000,234375000,16290832,4440,1,17,324000,801650,920306,2268000,5611550,5379085
p1-bounce-room-half,7,58905200,39979100,7547300,10716800,671875000,16290624,4440,1,18,324000,801928,920803,2268000,5613496,5384116
p1-bounce-room-half,8,40603800,19030300,10405700,10637100,250000000,16290824,4464,1,19,324000,801282,919404,2268000,5608974,5374245
p1-bounce-room-half,9,44895600,27567300,6153600,10636600,250000000,16290472,4464,1,20,324000,801773,920225,2268000,5612411,5380652
p1-bounce-room-native,0,95533000,76761800,7346000,10736000,984375000,16290816,4440,1,11,1296000,3206027,3679935,9072000,22442189,21509703
p1-bounce-room-native,1,91365000,72735600,7349500,10642600,906250000,16290712,4464,1,12,1296000,3206333,3680396,9072000,22444331,21517157
p1-bounce-room-native,2,94554300,73074300,10058800,10851900,906250000,16290872,4512,1,13,1296000,3206276,3679572,9072000,22443932,21507412
p1-bounce-room-native,3,91255200,73999600,6078000,10622900,906250000,16290744,4416,1,14,1296000,3206545,3679350,9072000,22445815,21505338
p1-bounce-room-native,4,92000100,74628400,5958000,10760000,890625000,16290656,4440,1,15,1296000,3207191,3680335,9072000,22450337,21514875
p1-bounce-room-native,5,93427400,76371800,5887900,10611500,1093750000,16290848,4488,1,16,1296000,3207399,3681156,9072000,22451793,21518752
p1-bounce-room-native,6,90641700,73595900,5872900,10620900,1109375000,16290832,4440,1,17,1296000,3206393,3679825,9072000,22444751,21507811
p1-bounce-room-native,7,93755800,76337200,6196900,10650900,1109375000,16290624,4440,1,18,1296000,3206962,3680711,9072000,22448734,21513914
p1-bounce-room-native,8,93011300,75763500,6028800,10669100,1109375000,16290848,4488,1,19,1296000,3207125,3681510,9072000,22449875,21518391
p1-bounce-room-native,9,94951500,77727300,5979800,10693300,1109375000,16290448,4440,1,20,1296000,3206986,3680990,9072000,22448902,21518244
p1-bounce-room-quarter,0,24978200,6668800,6901600,10796400,15625000,16290816,4440,1,11,81000,200492,230129,567000,1403444,1345271
p1-bounce-room-quarter,1,26730900,5532900,9943900,10633000,31250000,16290736,4488,1,12,81000,200391,229882,567000,1402737,1343828
p1-bounce-room-quarter,2,23654500,5164900,7205500,10671700,15625000,16290824,4464,1,13,81000,200011,229382,567000,1400077,1340865
p1-bounce-room-quarter,3,23786200,5623900,6870200,10680500,234375000,16290792,4464,1,14,81000,200278,229843,567000,1401946,1343011
p1-bounce-room-quarter,4,23560800,5336400,6840800,10796600,15625000,16290656,4440,1,15,81000,200192,229681,567000,1401344,1342503
p1-bounce-room-quarter,5,24020800,5882700,6896700,10625300,234375000,16290896,4536,1,16,81000,200791,230609,567000,1405537,1348465
p1-bounce-room-quarter,6,23552400,5362900,6931900,10636500,15625000,16290856,4464,1,17,81000,200366,230023,567000,1402562,1344628
p1-bounce-room-quarter,7,23897800,5624300,6922900,10713800,234375000,16290624,4440,1,18,81000,200401,230122,567000,1402807,1345486
p1-bounce-room-quarter,8,24087900,5323100,7515400,10631100,15625000,16290776,4416,1,19,81000,200482,230186,567000,1403374,1345539
p1-bounce-room-quarter,9,24533900,5467100,7478700,10970800,109375000,16290496,4488,1,20,81000,200233,229713,567000,1401631,1343140
p1-final-w1,0,124973700,73110300,34778500,13007400,125000000,16239800,1296,1,51,160000,197497,126786,2066856,2959632,1299379
p1-final-w1,1,169719900,117052000,40854500,10902100,171875000,16239672,1296,1,52,160000,198419,126956,2067012,2976000,1300309
p1-final-w1,2,157219700,102205900,44079900,10416600,156250000,16239784,1296,1,53,160000,197888,127086,2066892,2967276,1302593
p1-final-w1,3,129247200,83401900,35129900,10213500,125000000,16239752,1296,1,54,160000,197859,127083,2067024,2967036,1301361
p1-final-w1,4,187795700,82538500,83846300,20440000,187500000,16239640,1296,1,55,160000,198258,127215,2067024,2974692,1301935
p1-final-w1,5,140990000,74960700,53011100,12464000,140625000,16239784,1296,1,56,160000,198107,127007,2066880,2972592,1301495
p1-final-w1,6,111087600,67260400,33383500,9937600,109375000,16239816,1296,1,57,160000,198000,126927,2066664,2968704,1300564
p1-final-w1,7,116870500,73164200,33343100,9873800,125000000,16239608,1296,1,58,160000,198153,127100,2067048,2972100,1302851
p1-final-w1,8,163415600,119310500,33506600,10104600,156250000,16239784,1296,1,59,160000,197003,126556,2067024,2949996,1296252
p1-final-w1,9,111278000,67521100,33412600,9854100,109375000,16239704,1296,1,60,160000,197770,126865,2067048,2967348,1298592
p1-final-w1,10,111001200,67194200,33440500,9873900,109375000,16239944,1296,1,61,160000,198418,127324,2067000,2973192,1304729
p1-final-w1,11,110354200,66697400,33325700,9844500,109375000,16239816,1296,1,62,160000,197825,127079,2067192,2961780,1301697
p1-final-w1,12,110351800,66661300,33302200,9906000,109375000,16239928,1296,1,63,160000,197636,126836,2066916,2961912,1299196
p1-final-w1,13,127479000,83711100,33331200,9889000,140625000,16239896,1296,1,64,160000,197767,126899,2067120,2963148,1299476
p1-final-w1,14,112412400,68062100,33679500,10118600,109375000,16239784,1296,1,65,160000,197893,127082,2066940,2969508,1302865
p1-final-w1,15,135753200,67130100,46921400,20736100,140625000,16240000,1296,1,66,160000,198033,127211,2066988,2967024,1303598
p1-final-w1,16,124965900,73823500,35296300,14640900,109375000,16239960,1296,1,67,160000,198148,127095,2066880,2968752,1302899
p1-final-w1,17,135611500,91086400,33896200,9927000,125000000,16239752,1296,1,68,160000,198316,127006,2067036,2972592,1301305
p1-final-w1,18,116917400,72548200,33596100,10222600,125000000,16239928,1296,1,69,160000,197981,126942,2066988,2970084,1301640
p1-final-w1,19,127280600,82082600,34464900,10127600,125000000,16239736,1296,1,70,160000,197972,127146,2066832,2966808,1303221
p1-final-w1,20,120940500,75927800,34625400,9845400,125000000,16231864,1296,1,71,160000,198034,126993,2067144,2966316,1301428
p1-final-w1,21,157804600,81542700,61224700,14492300,156250000,16231736,1296,1,72,160000,197539,126629,2067024,2964660,1297539
p1-final-w1,22,159727000,102195900,46844900,10160600,156250000,16231848,1296,1,73,160000,197324,126541,2067168,2953272,1297072
p1-final-w1,23,114482300,66551300,37071000,10305100,109375000,16231816,1296,1,74,160000,197492,127178,2066820,2956596,1302395
p1-final-w1,24,157734200,108308800,34441100,14450600,156250000,16231704,1296,1,75,160000,198170,127205,2066808,2970324,1303131
p1-final-w1,25,146713200,102735800,33591100,9910700,156250000,16231848,1296,1,76,160000,198354,127084,2066952,2972796,1302185
p1-final-w1,26,168184200,80911200,67816100,18562600,171875000,16231880,1296,1,77,160000,197508,126802,2066808,2958000,1299297
p1-final-w1,27,115611200,72083700,33213600,9839200,109375000,16231672,1296,1,78,160000,198423,127210,2066916,2979180,1303540
p1-final-w1,28,124016600,65778000,36894000,20514900,109375000,16231848,1296,1,79,160000,197630,127225,2066748,2953512,1303560
p1-final-w1,29,127753000,83819800,33445000,10011000,125000000,16231416,1296,1,80,160000,197971,126917,2067084,2969700,1300441
p1-final-w1,30,110209100,65949800,33848400,9952000,109375000,16231656,1296,1,81,160000,197784,127138,2066976,2961048,1302267
p1-final-w1,31,117535400,73939700,33287800,9844900,125000000,16231528,1296,1,82,160000,198383,127163,2067012,2974464,1301989
p1-final-w1,32,111029400,65431000,33837600,11081400,109375000,16231640,1296,1,83,160000,197256,126911,2066844,2955132,1299803
p1-final-w1,33,115622100,69310800,35297800,10530000,109375000,16231608,1296,1,84,160000,198485,127805,2067096,2967936,1309617
p1-final-w1,34,118422700,65570500,39590300,12268300,125000000,16231496,1296,1,85,160000,197754,127247,2066940,2959824,1304950
p1-final-w1,35,135011900,85762200,38532000,10165300,125000000,16231640,1296,1,86,160000,198439,127279,2067108,2974968,1304297
p1-final-w1,36,116379600,71399000,34396200,10024500,125000000,16231672,1296,1,87,160000,197986,126861,2067084,2968560,1298725
p1-final-w1,37,110306000,66632100,33336000,9889400,109375000,16231464,1296,1,88,160000,198213,126963,2066856,2974656,1300632
p1-final-w1,38,111506900,66123600,33708100,11213900,109375000,16231640,1296,1,89,160000,198101,126976,2067024,2971200,1301277
p1-final-w1,39,119509300,75361900,33597600,10068600,125000000,16231592,1296,1,90,160000,198727,127397,2066856,2978580,1305264
p1-final-w1,40,109518700,65505800,33450800,10102300,109375000,16231832,1296,1,91,160000,198203,127088,2066796,2973060,1302491
p1-final-w1,41,138624500,73632800,46927800,17596800,140625000,16231704,1296,1,92,160000,197835,127012,2066976,2964588,1300358
p1-final-w1,42,132860400,87122400,33594700,11638700,125000000,16231816,1296,1,93,160000,198009,127132,2066916,2968956,1302286
p1-final-w1,43,110755000,66718700,33631600,9925000,109375000,16231784,1296,1,94,160000,197708,126932,2066916,2960688,1300484
p1-final-w1,44,110852300,66671400,33533100,10155500,109375000,16231672,1296,1,95,160000,198011,127168,2067120,2969748,1303363
p1-final-w1,45,151510000,89444400,50660400,10939800,156250000,16231816,1296,1,96,160000,198128,127184,2066928,2967900,1303337
p1-final-w1,46,117852100,65555900,41652800,10140700,125000000,16231848,1296,1,97,160000,198381,127180,2066880,2973276,1302690
p1-final-w1,47,116961200,73080900,33416000,9882700,109375000,16231640,1296,1,98,160000,198449,127410,2066964,2975532,1306520
p1-final-w1,48,110618200,65624600,34616900,9857800,109375000,16231816,1296,1,99,160000,198066,126962,2067000,2972484,1300330
p1-final-w1,49,110765000,65500400,34831500,9893100,109375000,16239328,1296,1,100,160000,197622,126947,2066940,2961228,1300511
p1-final-w1,50,127227900,75278700,34768600,16546400,125000000,16239568,1296,1,101,160000,197981,127124,2066928,2965704,1302967
p1-final-w1,51,180805100,92126200,74323900,13471000,187500000,16239440,1296,1,102,160000,197439,126832,2066976,2957964,1299885
p1-final-w1,52,149501100,88597100,43910600,16455500,156250000,16239552,1296,1,103,160000,198112,127145,2066988,2967024,1303177
p1-final-w1,53,176704500,99179500,58849700,17787000,156250000,16239520,1296,1,104,160000,197712,127115,2066952,2960796,1301477
p1-final-w1,54,111319000,67649300,33284300,9894400,109375000,16239408,1296,1,105,160000,197148,126727,2067180,2949132,1297469
p1-final-w1,55,143510900,65635800,62545200,14469800,140625000,16239552,1296,1,106,160000,197878,127145,2067144,2966352,1303062
p1-final-w1,56,119093500,74970200,33513600,10140700,125000000,16239584,1296,1,107,160000,198559,127201,2066880,2976960,1304405
p1-final-w1,57,112546100,66324700,35259200,10496000,109375000,16239376,1296,1,108,160000,197901,127044,2066892,2966472,1301302
p1-final-w1,58,108926500,65338700,33226700,9918600,109375000,16239552,1296,1,109,160000,197599,126921,2067072,2957520,1300363
p1-final-w1,59,108821100,65247800,33266800,9863800,109375000,16239568,1296,1,110,160000,197909,126988,2066856,2966880,1301338
p1-final-w1,60,108677800,65026200,33317700,9891300,109375000,16239808,1296,1,111,160000,197069,126711,2066892,2949360,1298489
p1-final-w1,61,109582200,65324000,33255400,10548300,109375000,16239680,1296,1,112,160000,198024,126894,2066856,2971968,1299776
p1-final-w1,62,135133800,77807600,46861800,10009700,140625000,16239792,1296,1,113,160000,197240,126816,2067012,2953428,1299751
p1-final-w1,63,161769400,96045000,55157500,10107100,140625000,16239760,1296,1,114,160000,197847,127175,2066736,2961504,1302719
p1-final-w1,64,142393900,75499100,51156100,15276000,140625000,16239648,1296,1,115,160000,197871,127109,2066880,2962260,1301790
p1-final-w1,65,125358300,81028100,33634200,10202900,109375000,16239792,1296,1,116,160000,198490,127299,2067108,2976768,1303890
p1-final-w1,66,110649700,66833600,33467700,9896600,109375000,16239824,1296,1,117,160000,197395,126836,2067012,2954616,1299467
p1-final-w1,67,120356200,74172900,35659600,10065300,125000000,16239616,1296,1,118,160000,198254,127144,2067024,2972400,1302279
p1-final-w1,68,158975300,72162300,76113700,10212200,156250000,16239792,1296,1,119,160000,198209,127235,2066940,2971956,1303191
p1-final-w1,69,164679900,116738300,37405400,10061700,171875000,16239440,1296,1,120,160000,197940,127182,2066892,2966604,1302685
p1-final-w1,70,211742600,123059600,78339300,9873100,203125000,16239680,1296,1,121,160000,197898,126753,2066976,2969016,1298517
p1-final-w1,71,141629400,80711000,39273100,21011500,125000000,16239552,1296,1,122,160000,198107,127066,2067060,2968428,1301211
p1-final-w1,72,166121900,116604400,39135400,9910000,171875000,16239664,1296,1,123,160000,197351,126790,2067012,2954184,1298464
p1-final-w1,73,118274200,66238600,41679700,9894800,109375000,16239632,1296,1,124,160000,197750,126927,2066916,2960424,1301174
p1-final-w1,74,112802800,68621000,33556800,10164700,125000000,16239520,1296,1,125,160000,197775,126988,2067084,2961984,1300837
p1-final-w1,75,112097800,68120100,33487900,10046200,109375000,16239664,1296,1,126,160000,198099,126929,2066880,2971260,1300013
p1-final-w1,76,110035200,66107000,33411100,10055100,109375000,16239696,1296,1,127,160000,197957,127013,2067060,2965800,1301872
p1-final-w1,77,144600600,86390300,47258000,10233900,140625000,16239488,1296,1,128,160000,197729,126953,2066772,2962032,1300062
p1-final-w1,78,111531000,67317300,33688100,10038500,109375000,16239664,1296,1,129,160000,197951,127016,2066916,2965380,1301441
p1-final-w1,79,135915000,80572400,44851000,10017900,140625000,16239552,1296,1,130,160000,198082,127115,2066880,2965992,1301990
p1-final-w1,80,115490000,71014700,33765700,10255300,109375000,16239792,1296,1,131,160000,197602,126862,2066964,2962320,1299851
p1-final-w1,81,155310400,80596500,64207300,10051900,156250000,16239664,1296,1,132,160000,197878,127034,2067036,2960892,1300669
p1-final-w1,82,153689600,101209600,33442200,18410900,156250000,16239776,1296,1,133,160000,198463,127407,2067012,2972184,1305012
p1-final-w1,83,135839400,66198500,55786400,13312800,140625000,16239744,1296,1,134,160000,198273,127310,2066856,2972460,1305172
p1-final-w1,84,111001300,67065000,33389800,10100100,109375000,16239632,1296,1,135,160000,198559,127207,2066868,2979144,1303086
p1-final-w1,85,109573900,65804000,33380400,9932900,109375000,16239776,1296,1,136,160000,198118,127020,2066892,2968224,1301664
p1-final-w1,86,132217900,84044000,37527600,10164200,140625000,16239808,1296,1,137,160000,198142,127429,2066916,2967024,1306417
p1-final-w1,87,141539500,93335900,34540600,10078600,125000000,16239600,1296,1,138,160000,197711,126938,2067036,2963064,1300400
p1-final-w1,88,177824900,123210000,40850800,12920400,171875000,16239776,1296,1,139,160000,198673,127233,2067156,2979528,1303007
p1-final-w1,89,122925500,78049000,33529500,10744800,125000000,16239520,1296,1,140,160000,198619,127102,2066976,2982924,1302548
p1-final-w1,90,112237300,68310300,33516000,9915200,109375000,16239760,1296,1,141,160000,197538,127162,2067012,2958588,1302813
p1-final-w1,91,121420600,76900800,33716000,10348900,125000000,16239632,1296,1,142,160000,197804,127002,2066916,2964504,1301708
p1-final-w1,92,125977700,81921700,33701200,9901900,125000000,16239744,1296,1,143,160000,197758,126900,2066880,2966472,1300195
p1-final-w1,93,163658700,95123500,57781200,10290400,156250000,16239712,1296,1,144,160000,198131,127144,2066880,2972028,1301551
p1-final-w1,94,127896200,84196600,33372000,9868200,125000000,16239600,1296,1,145,160000,197947,126951,2067012,2969472,1300894
p1-final-w1,95,108938400,65297100,33316100,9872200,109375000,16239744,1296,1,146,160000,198017,127017,2066952,2967156,1301623
p1-final-w1,96,130385100,65573700,54153400,10207900,125000000,16239776,1296,1,147,160000,198175,127154,2067060,2971440,1302790
p1-final-w1,97,161824300,93749400,52571300,15049600,156250000,16239568,1296,1,148,160000,197253,126688,2067000,2954808,1298801
p1-final-w1,98,110315700,66501800,33325800,10035100,109375000,16239744,1296,1,149,160000,198248,127223,2066928,2970504,1303587
p1-final-w1,99,109560500,65643900,33420300,10039700,109375000,16239408,1296,1,150,160000,198527,127477,2067120,2976876,1305660
p1-final-w14,0,73510100,11703000,43090500,18064300,78125000,16243376,4872,1,51,160000,197497,126786,2066856,2959632,1299379
p1-final-w14,1,101779200,8660800,81511600,11079700,93750000,16243248,4872,1,52,160000,198419,126956,2067012,2976000,1300309
p1-final-w14,2,88651200,11070300,57811700,18871300,156250000,16243312,4824,1,53,160000,197888,127086,2066892,2967276,1302593
p1-final-w14,3,111561800,8837300,81228200,20578400,312500000,16243256,4800,1,54,160000,197859,127083,2067024,2967036,1301361
p1-final-w14,4,104644000,8823700,81007600,14283100,296875000,16243168,4824,1,55,160000,198258,127215,2067024,2974692,1301935
p1-final-w14,5,95496300,10303400,63740700,20564400,203125000,16243336,4848,1,56,160000,198107,127007,2066880,2972592,1301495
p1-final-w14,6,76342600,9294300,56472200,10046600,281250000,16243320,4800,1,57,160000,198000,126927,2066664,2968704,1300564
p1-final-w14,7,82743600,11139400,50205400,20522900,234375000,16243160,4848,1,58,160000,198153,127100,2067048,2972100,1302851
p1-final-w14,8,71564900,9140500,50989300,10868300,281250000,16243312,4824,1,59,160000,197003,126556,2067024,2949996,1296252
p1-final-w14,9,91209200,11058900,60077200,19324600,93750000,16243256,4848,1,60,160000,197770,126865,2067048,2967348,1298592
p1-final-w14,10,81307400,8907400,61567900,10314900,78125000,16243472,4824,1,61,160000,198418,127324,2067000,2973192,1304729
p1-final-w14,11,77277400,9590800,46235700,20576500,78125000,16243320,4800,1,62,160000,197825,127079,2067192,2961780,1301697
p1-final-w14,12,75091300,9571000,54732700,10175200,62500000,16243456,4824,1,63,160000,197636,126836,2066916,2961912,1299196
p1-final-w14,13,91189700,13451500,55969700,20571200,93750000,16243424,4824,1,64,160000,197767,126899,2067120,2963148,1299476
p1-final-w14,14,83664100,8917400,64156100,10039500,265625000,16243336,4848,1,65,160000,197893,127082,2066940,2969508,1302865
p1-final-w14,15,108000300,10824100,78711200,17613000,93750000,16243504,4800,1,66,160000,198033,127211,2066988,2967024,1303598
p1-final-w14,16,106381500,12148700,74418200,18865800,109375000,16243536,4872,1,67,160000,198148,127095,2066880,2968752,1302899
p1-final-w14,17,105381200,19552300,64351400,20513400,296875000,16243304,4848,1,68,160000,198316,127006,2067036,2972592,1301305
p1-final-w14,18,109347900,8849200,81665700,18178800,312500000,16243432,4800,1,69,160000,197981,126942,2066988,2970084,1301640
p1-final-w14,19,95587700,11799700,62137100,20593900,125000000,16243288,4848,1,70,160000,197972,127146,2066832,2966808,1303221
p1-final-w14,20,112765500,9034500,84299100,18854500,296875000,16235392,4824,1,71,160000,198034,126993,2067144,2966316,1301428
p1-final-w14,21,86330300,8769700,56311200,20365500,78125000,16235288,4848,1,72,160000,197539,126629,2067024,2964660,1297539
p1-final-w14,22,83316800,9221400,63278300,10188600,296875000,16235352,4800,1,73,160000,197324,126541,2067168,2953272,1297072
p1-final-w14,23,118172900,12082200,84766600,20488000,109375000,16235320,4800,1,74,160000,197492,127178,2066820,2956596,1302395
p1-final-w14,24,80613800,8534600,60911200,10358000,281250000,16235256,4848,1,75,160000,198170,127205,2066808,2970324,1303131
p1-final-w14,25,102057800,10716100,69913600,20557400,265625000,16235376,4824,1,76,160000,198354,127084,2066952,2972796,1302185
p1-final-w14,26,109087900,9007300,83435100,16166400,109375000,16235384,4800,1,77,160000,197508,126802,2066808,2958000,1299297
p1-final-w14,27,99781500,9896000,68736800,20321300,93750000,16235176,4800,1,78,160000,198423,127210,2066916,2979180,1303540
p1-final-w14,28,88496900,9503700,68268600,10241100,281250000,16235352,4800,1,79,160000,197630,127225,2066748,2953512,1303560
p1-final-w14,29,104160900,12850200,75297000,15547200,312500000,16234968,4848,1,80,160000,197971,126917,2067084,2969700,1300441
p1-final-w14,30,95091700,11457300,62371400,20425200,93750000,16235208,4848,1,81,160000,197784,127138,2066976,2961048,1302267
p1-final-w14,31,79264300,9342500,59446100,9998400,78125000,16235056,4824,1,82,160000,198383,127163,2067012,2974464,1301989
p1-final-w14,32,102866900,12235600,69145100,20631900,78125000,16235192,4848,1,83,160000,197256,126911,2066844,2955132,1299803
p1-final-w14,33,77361800,8597100,58387300,9910000,281250000,16235184,4872,1,84,160000,198485,127805,2067096,2967936,1309617
p1-final-w14,34,86851300,10339800,55148200,20526400,296875000,16235048,4848,1,85,160000,197754,127247,2066940,2959824,1304950
p1-final-w14,35,84738500,8285900,66085100,9873600,78125000,16235168,4824,1,86,160000,198439,127279,2067108,2974968,1304297
p1-final-w14,36,114043500,11469200,81208800,20457100,171875000,16235224,4848,1,87,160000,197986,126861,2067084,2968560,1298725
p1-final-w14,37,81988800,8613200,62576300,10329000,93750000,16234992,4824,1,88,160000,198213,126963,2066856,2974656,1300632
p1-final-w14,38,96831800,11068500,64778700,20161200,78125000,16235192,4848,1,89,160000,198101,126976,2067024,2971200,1301277
p1-final-w14,39,75273400,9583200,55201400,9948100,281250000,16235120,4824,1,90,160000,198727,127397,2066856,2978580,1305264
p1-final-w14,40,84450500,10680600,52427000,20505000,62500000,16235384,4848,1,91,160000,198203,127088,2066796,2973060,1302491
p1-final-w14,41,97687500,8775700,78200900,10241400,296875000,16235232,4824,1,92,160000,197835,127012,2066976,2964588,1300358
p1-final-w14,42,101648700,11207000,69194900,20405100,109375000,16235344,4824,1,93,160000,198009,127132,2066916,2968956,1302286
p1-final-w14,43,91469400,8599300,66268700,16012500,234375000,16235312,4824,1,94,160000,197708,126932,2066916,2960688,1300484
p1-final-w14,44,111391600,13942200,83407100,13528600,312500000,16235200,4824,1,95,160000,198011,127168,2067120,2969748,1303363
p1-final-w14,45,100130600,10424400,68405200,20478900,296875000,16235320,4800,1,96,160000,198128,127184,2066928,2967900,1303337
p1-final-w14,46,73470200,9519100,53164700,10314100,281250000,16235400,4848,1,97,160000,198381,127180,2066880,2973276,1302690
p1-final-w14,47,87220200,9853300,55868800,20557400,281250000,16235192,4848,1,98,160000,198449,127410,2066964,2975532,1306520
p1-final-w14,48,84341400,8200100,65673800,9908500,78125000,16235320,4800,1,99,160000,198066,126962,2067000,2972484,1300330
p1-final-w14,49,118331000,12299800,84565100,20551800,234375000,16242856,4824,1,100,160000,197622,126947,2066940,2961228,1300511
p1-final-w14,50,71743600,8701600,52146300,10333600,62500000,16243096,4824,1,101,160000,197981,127124,2066928,2965704,1302967
p1-final-w14,51,97017400,11886100,63878400,20345900,140625000,16242968,4824,1,102,160000,197439,126832,2066976,2957964,1299885
p1-final-w14,52,112123300,8534100,84351400,18638100,109375000,16243080,4824,1,103,160000,198112,127145,2066988,2967024,1303177
p1-final-w14,53,95694400,11111500,63933800,19790400,93750000,16243048,4824,1,104,160000,197712,127115,2066952,2960796,1301477
p1-final-w14,54,78266800,8715200,59031500,10025500,78125000,16242960,4848,1,105,160000,197148,126727,2067180,2949132,1297469
p1-final-w14,55,101690500,12696800,67564600,20561900,296875000,16243056,4800,1,106,160000,197878,127145,2067144,2966352,1303062
p1-final-w14,56,79792600,8749100,58988600,11219200,281250000,16243088,4800,1,107,160000,198559,127201,2066880,2976960,1304405
p1-final-w14,57,86592800,11627600,53770900,20352000,93750000,16242904,4824,1,108,160000,197901,127044,2066892,2966472,1301302
p1-final-w14,58,100324100,9213300,80377800,10262200,296875000,16243080,4824,1,109,160000,197599,126921,2067072,2957520,1300363
p1-final-w14,59,102801300,13579000,67960700,20411400,125000000,16243280,5008,1,110,160000,197909,126988,2066856,2966880,1301338
p1-final-w14,60,107294100,8837100,83515300,14452800,296875000,16243360,4848,1,111,160000,197069,126711,2066892,2949360,1298489
p1-final-w14,61,94877600,10246900,63347600,20463100,171875000,16243232,4848,1,112,160000,198024,126894,2066856,2971968,1299776
p1-final-w14,62,109252900,9097700,79606800,19685500,187500000,16243344,4848,1,113,160000,197240,126816,2067012,2953428,1299751
p1-final-w14,63,65424000,9378700,36475600,18744700,156250000,16243288,4824,1,114,160000,197847,127175,2066736,2961504,1302719
p1-final-w14,64,79831600,9041300,60074600,10246800,281250000,16243176,4824,1,115,160000,197871,127109,2066880,2962260,1301790
p1-final-w14,65,119320200,14624700,83537600,20312100,265625000,16243320,4824,1,116,160000,198490,127299,2067108,2976768,1303890
p1-final-w14,66,111498200,8910700,81237900,20474000,93750000,16243328,4800,1,117,160000,197395,126836,2067012,2954616,1299467
p1-final-w14,67,73989400,9526000,53646200,10333800,281250000,16243120,4800,1,118,160000,198254,127144,2067024,2972400,1302279
p1-final-w14,68,86058300,10599900,54159100,20465800,62500000,16243296,4800,1,119,160000,198209,127235,2066940,2971956,1303191
p1-final-w14,69,91062800,8712700,71987200,9877300,296875000,16242992,4848,1,120,160000,197940,127182,2066892,2966604,1302685
p1-final-w14,70,83906500,10389500,52130200,20566500,265625000,16243256,4872,1,121,160000,197898,126753,2066976,2969016,1298517
p1-final-w14,71,81519700,8410800,61567500,11062400,93750000,16243056,4800,1,122,160000,198107,127066,2067060,2968428,1301211
p1-final-w14,72,91630900,11231300,60690100,18885500,93750000,16243192,4824,1,123,160000,197351,126790,2067012,2954184,1298464
p1-final-w14,73,106255500,9422500,77125400,19203400,93750000,16243160,4824,1,124,160000,197750,126927,2066916,2960424,1301174
p1-final-w14,74,108166200,11273200,75457300,20596000,156250000,16243048,4824,1,125,160000,197775,126988,2067084,2961984,1300837
p1-final-w14,75,112222800,9519000,82290400,19575800,328125000,16243240,4872,1,126,160000,198099,126929,2066880,2971260,1300013
p1-final-w14,76,115729500,10514500,83892000,20451600,109375000,16243224,4824,1,127,160000,197957,127013,2067060,2965800,1301872
p1-final-w14,77,109572800,9473800,78790300,20366300,218750000,16243064,4872,1,128,160000,197729,126953,2066772,2962032,1300062
p1-final-w14,78,98370000,9341000,70377400,18077100,281250000,16243192,4824,1,129,160000,197951,127016,2066916,2965380,1301441
p1-final-w14,79,97619600,10277000,76643200,10226700,312500000,16243152,4896,1,130,160000,198082,127115,2066880,2965992,1301990
p1-final-w14,80,107759700,12048500,75814900,19433300,93750000,16243392,4896,1,131,160000,197602,126862,2066964,2962320,1299851
p1-final-w14,81,103716500,12520700,69781500,20590800,125000000,16243216,4848,1,132,160000,197878,127034,2067036,2960892,1300669
p1-final-w14,82,87160100,8475300,61501400,16690200,296875000,16243280,4800,1,133,160000,198463,127407,2067012,2972184,1305012
p1-final-w14,83,106749400,11472200,75666300,18780500,93750000,16243248,4800,1,134,160000,198273,127310,2066856,2972460,1305172
p1-final-w14,84,89640000,11808200,56326500,20503000,93750000,16243160,4824,1,135,160000,198559,127207,2066868,2979144,1303086
p1-final-w14,85,115999000,9473500,85203600,20484300,328125000,16243304,4824,1,136,160000,198118,127020,2066892,2968224,1301664
p1-final-w14,86,113308900,8741000,82909900,20809900,109375000,16243360,4848,1,137,160000,198142,127429,2066916,2967024,1306417
p1-final-w14,87,117148800,13512400,82253200,20530800,265625000,16243128,4824,1,138,160000,197711,126938,2067036,2963064,1300400
p1-final-w14,88,88263700,8179800,65480500,13763700,187500000,16243280,4800,1,139,160000,198673,127233,2067156,2979528,1303007
p1-final-w14,89,112266300,13492200,84328800,13966800,203125000,16243024,4800,1,140,160000,198619,127102,2066976,2982924,1302548
p1-final-w14,90,103470600,10540600,71585900,20531200,140625000,16243288,4824,1,141,160000,197538,127162,2067012,2958588,1302813
p1-final-w14,91,78135600,8360700,58984700,10321100,62500000,16243160,4824,1,142,160000,197804,127002,2066916,2964504,1301708
p1-final-w14,92,103209600,12732900,70058800,19601200,250000000,16243320,4872,1,143,160000,197758,126900,2066880,2966472,1300195
p1-final-w14,93,74200100,8295200,55329400,10100400,78125000,16243216,4800,1,144,160000,198131,127144,2066880,2972028,1301551
p1-final-w14,94,88789900,9465200,58056600,20417000,296875000,16243104,4800,1,145,160000,197947,126951,2067012,2969472,1300894
p1-final-w14,95,80110200,8467200,61020000,10153500,187500000,16243272,4824,1,146,160000,198017,127017,2066952,2967156,1301623
p1-final-w14,96,76516700,10556200,44622700,20514300,265625000,16243376,4896,1,147,160000,198175,127154,2067060,2971440,1302790
p1-final-w14,97,81286700,8474600,62135100,10191900,250000000,16243120,4848,1,148,160000,197253,126688,2067000,2954808,1298801
p1-final-w14,98,90216400,12333600,56461500,20599800,296875000,16243296,4848,1,149,160000,198248,127223,2066928,2970504,1303587
p1-final-w14,99,84283100,9387200,64187200,10242600,281250000,16242960,4848,1,150,160000,198527,127477,2067120,2976876,1305660
p1-glass-half,0,33864900,17211600,5954200,10151400,171875000,16243824,5160,1,11,324000,400030,257076,4185828,5995860,2633922
p1-glass-half,1,32580700,15879200,6107100,10075900,234375000,16243720,5184,1,12,324000,400775,257352,4185612,6003204,2637145
p1-glass-half,2,31668500,15369300,5669600,10108700,234375000,16243784,5136,1,13,324000,400803,257468,4185612,6007380,2638323
p1-glass-half,3,32902400,16459600,5818500,10102900,234375000,16243752,5136,1,14,324000,400920,257289,4185660,6006288,2635931
p1-glass-half,4,33371200,17088500,5718300,10062700,218750000,16243688,5184,1,15,324000,400335,256943,4185540,5999076,2631463
p1-glass-half,5,33481100,15697000,6966900,10222200,234375000,16243808,5160,1,16,324000,400847,257158,4185528,6014604,2633608
p1-glass-half,6,35009100,16303000,7821700,10235300,234375000,16243816,5136,1,17,324000,401114,257636,4185420,6015828,2640235
p1-glass-half,7,37139600,16476100,10036000,10089000,250000000,16243680,5208,1,18,324000,400921,257112,4185432,6014016,2633554
p1-glass-half,8,32440900,16179400,5743800,10004100,234375000,16243832,5184,1,19,324000,400652,257310,4185708,5999184,2636658
p1-glass-half,9,31721000,15350900,5794300,10059600,234375000,16243456,5160,1,20,324000,400829,257198,4185684,6006984,2635463
p1-glass-native,0,86149000,66749400,8317300,10404200,890625000,16243824,5160,1,11,1296000,1601514,1029548,16742088,23990064,10551497
p1-glass-native,1,88186500,68866500,8272700,10394900,890625000,16243696,5160,1,12,1296000,1601226,1028808,16741884,23971260,10541982
p1-glass-native,2,95252400,74222600,10083600,10412500,1078125000,16243784,5136,1,13,1296000,1604162,1030332,16742304,24032652,10558837
p1-glass-native,3,86196500,69103800,6163800,10378600,890625000,16243752,5136,1,14,1296000,1603169,1028841,16742604,24028680,10536212
p1-glass-native,4,92297000,75135500,6342700,10290000,1046875000,16243640,5136,1,15,1296000,1603199,1029501,16742460,24024984,10548706
p1-glass-native,5,90881500,73952600,6084900,10257700,1078125000,16243784,5136,1,16,1296000,1603145,1029289,16742568,24020772,10545658
p1-glass-native,6,89032200,72176900,6077500,10214600,859375000,16243840,5160,1,17,1296000,1602119,1029032,16742796,24007992,10542607
p1-glass-native,7,93818700,76866800,6218300,10175600,1046875000,16243608,5136,1,18,1296000,1602602,1029184,16742628,24026904,10544779
p1-glass-native,8,93852900,76939800,6182800,10191000,1078125000,16243784,5136,1,19,1296000,1604727,1030069,16742304,24056640,10553667
p1-glass-native,9,88625200,71660700,6196900,10147100,984375000,16243432,5136,1,20,1296000,1603017,1029288,16742328,24021960,10545771
p1-glass-quarter,0,23539900,5618200,7240300,10023700,15625000,16243920,5256,1,11,81000,99973,64257,1046484,1497072,657943
p1-glass-quarter,1,25939400,5092000,10231600,10064000,15625000,16243768,5232,1,12,81000,100540,64428,1046292,1509480,660312
p1-glass-quarter,2,20932100,4525400,5897900,9968700,15625000,16243832,5184,1,13,81000,100082,64192,1046556,1498764,658455
p1-glass-quarter,3,24975100,4869000,5739900,13806800,15625000,16243824,5208,1,14,81000,99673,64126,1046280,1491900,656779
p1-glass-quarter,4,21667300,5044000,5921300,10162800,15625000,16243688,5184,1,15,81000,100109,64216,1046556,1499592,658195
p1-glass-quarter,5,20956700,4793800,5659500,9967200,31250000,16243832,5184,1,16,81000,99886,64214,1046364,1499256,658267
p1-glass-quarter,6,20798500,4622100,5681600,9955500,15625000,16243888,5208,1,17,81000,100096,64259,1046400,1502520,658441
p1-glass-quarter,7,21956800,5209300,6219400,9950500,187500000,16243656,5184,1,18,81000,100683,64268,1046376,1512828,658757
p1-glass-quarter,8,23100200,4895200,7634800,9951300,15625000,16243832,5184,1,19,81000,100358,64638,1046328,1501824,661954
p1-glass-quarter,9,27210200,4617600,7507200,9997600,31250000,16243480,5184,1,20,81000,100396,64563,1046388,1505088,662364
p1-glass-w1,0,116716100,70216600,35493900,10186300,109375000,16239824,1288,1,21,160000,198550,127430,2067012,2978580,1305583
p1-glass-w1,1,113126400,68223600,34160500,10100100,109375000,16239696,1288,1,22,160000,197304,126752,2066964,2957532,1297522
p1-glass-w1,2,113478700,68856700,33958400,10127100,109375000,16239808,1288,1,23,160000,197236,126706,2066928,2956512,1298419
p1-glass-w1,3,118362400,70788000,36708400,10063800,125000000,16239776,1288,1,24,160000,198230,127211,2067000,2971908,1303424
p1-glass-w1,4,129593000,76734600,42155600,10137600,125000000,16239664,1288,1,25,160000,198158,127513,2066880,2966700,1306763
p1-glass-w1,5,117730300,68773300,38376300,10033400,125000000,16239808,1288,1,26,160000,198446,127382,2066688,2974260,1305579
p1-glass-w1,6,120495500,73052200,36253300,10454900,109375000,16240520,1288,1,27,160000,197855,127008,2067048,2965464,1301354
p1-glass-w1,7,116515700,70948100,34843900,10157800,125000000,16239632,1288,1,28,160000,197314,126679,2067072,2953440,1297372
p1-glass-w1,8,113839400,68666300,34534400,9971400,109375000,16239808,1288,1,29,160000,197661,127123,2066916,2960532,1302466
p1-glass-w1,9,114045500,68383700,35083900,9936400,109375000,16239712,1304,1,30,160000,198051,126895,2066736,2969892,1300282
p1-glass-w1,10,114490100,67703900,36273300,9890400,125000000,16240112,1464,1,31,160000,198074,127097,2066892,2966988,1302062
p1-glass-w1,11,120000800,71383700,37558100,10435000,109375000,16239808,1288,1,32,160000,198185,127177,2066832,2969868,1303278
p1-glass-w1,12,122556400,74413800,36587800,10841100,125000000,16239920,1288,1,33,160000,197837,127069,2066940,2962884,1300982
p1-glass-w1,13,125146300,71810400,40432700,12276100,125000000,16239888,1288,1,34,160000,197604,126964,2067084,2966220,1301027
p1-glass-w1,14,135822400,87882200,35602900,11654900,140625000,16239776,1288,1,35,160000,197851,126861,2066916,2963508,1300892
p1-glass-w1,15,127891700,81320200,35711700,10290000,125000000,16239920,1288,1,36,160000,197442,126918,2066904,2955684,1300708
p1-glass-w1,16,120964600,74986100,35060200,10331300,109375000,16239952,1288,1,37,160000,198611,127391,2067048,2982228,1305309
p1-glass-w1,17,118389900,71761000,36047200,10012300,109375000,16239744,1288,1,38,160000,197678,126764,2066856,2962008,1298064
p1-glass-w1,18,115174100,68661100,35131800,10803600,125000000,16239920,1288,1,39,160000,197688,126984,2066904,2959812,1301377
p1-glass-w1,19,118842400,70624200,36948500,10588200,109375000,16239664,1288,1,40,160000,197652,127025,2067036,2957844,1301395
p1-glass-w1,20,116581800,70700700,35452300,9896800,125000000,16239904,1288,1,41,160000,198231,127188,2066976,2970276,1303548
p1-glass-w1,21,116550200,68447800,36811200,10664400,109375000,16239776,1288,1,42,160000,198922,127417,2066928,2983848,1304998
p1-glass-w1,22,117658300,70115700,36625100,10297400,125000000,16239888,1288,1,43,160000,197435,126907,2066952,2956668,1300231
p1-glass-w1,23,117297800,71488200,34662800,10571300,109375000,16239856,1288,1,44,160000,197607,126862,2067072,2961768,1298303
p1-glass-w1,24,114852400,69864000,34495700,9974800,125000000,16239744,1288,1,45,160000,197316,126510,2066964,2956500,1296718
p1-glass-w1,25,116336900,68760200,36544000,10501400,109375000,16239888,1288,1,46,160000,197866,127157,2066856,2968140,1302888
p1-glass-w1,26,117636900,71067300,35458900,10406900,125000000,16239920,1288,1,47,160000,198326,126993,2066916,2971824,1299887
p1-glass-w1,27,114625900,69035000,35114600,9870300,109375000,16239712,1288,1,48,160000,198063,127353,2067096,2965308,1304958
p1-glass-w1,28,119339300,68047900,40774900,10003000,125000000,16239888,1288,1,49,160000,198152,127005,2066976,2972352,1301369
p1-glass-w1,29,114746200,69534800,34163300,10530100,109375000,16239552,1288,1,50,160000,198357,127307,2067156,2972460,1304157
p1-glass-w10,0,55165200,10673400,33775100,10059000,203125000,16242520,3984,1,21,160000,198550,127430,2067012,2978580,1305583
p1-glass-w10,1,54490500,10448000,33408200,10098600,171875000,16242440,4032,1,22,160000,197304,126752,2066964,2957532,1297522
p1-glass-w10,2,54100500,9848400,33257000,10440300,62500000,16242528,4008,1,23,160000,197236,126706,2066928,2956512,1298419
p1-glass-w10,3,55769500,11451800,33717100,10026900,187500000,16242472,3984,1,24,160000,198230,127211,2067000,2971908,1303424
p1-glass-w10,4,53510800,9380100,33652200,9926300,46875000,16242408,4032,1,25,160000,198158,127513,2066880,2966700,1306763
p1-glass-w10,5,54635100,10054300,34015100,10027300,187500000,16242528,4008,1,26,160000,198446,127382,2066688,2974260,1305579
p1-glass-w10,6,53855100,9502200,33643700,10155300,62500000,16243264,4032,1,27,160000,197855,127008,2067048,2965464,1301354
p1-glass-w10,7,54858400,10302100,33282800,10684500,171875000,16242376,4032,1,28,160000,197314,126679,2067072,2953440,1297372
p1-glass-w10,8,55101300,10299400,34280100,9949100,140625000,16242504,3984,1,29,160000,197661,127123,2066916,2960532,1302466
p1-glass-w10,9,55597800,10311900,34549400,10108500,203125000,16242384,3976,1,30,160000,198051,126895,2066736,2969892,1300282
p1-glass-w10,10,55113000,9990700,34611400,9895900,46875000,16242808,4160,1,31,160000,198074,127097,2066892,2966988,1302062
p1-glass-w10,11,58353800,10247900,37487600,10076600,203125000,16242480,3960,1,32,160000,198185,127177,2066832,2969868,1303278
p1-glass-w10,12,53939300,10214600,33340100,9878200,46875000,16242640,4008,1,33,160000,197837,127069,2066940,2962884,1300982
p1-glass-w10,13,53917100,9802300,33650900,9932500,203125000,16242584,3984,1,34,160000,197604,126964,2067084,2966220,1301027
p1-glass-w10,14,67098100,22703600,33914000,9919500,203125000,16242496,4008,1,35,160000,197851,126861,2066916,2963508,1300892
p1-glass-w10,15,55538200,10079600,35029200,9906500,203125000,16242592,3960,1,36,160000,197442,126918,2066904,2955684,1300708
p1-glass-w10,16,53611100,9530900,33458700,10091700,46875000,16242648,3984,1,37,160000,198611,127391,2067048,2982228,1305309
p1-glass-w10,17,53911700,9980100,33375600,10046400,187500000,16242440,3984,1,38,160000,197678,126764,2066856,2962008,1298064
p1-glass-w10,18,53503100,9698100,33288300,9861900,62500000,16242592,3960,1,39,160000,197688,126984,2066904,2959812,1301377
p1-glass-w10,19,53395800,9410500,33476900,9944800,93750000,16242384,4008,1,40,160000,197652,127025,2067036,2957844,1301395
p1-glass-w10,20,53340700,9311300,33606700,9912300,203125000,16242648,4032,1,41,160000,198231,127188,2066976,2970276,1303548
p1-glass-w10,21,55851900,11754600,33504400,10033500,78125000,16242760,4272,1,42,160000,198922,127417,2066928,2983848,1304998
p1-glass-w10,22,55153200,11025500,33563100,9972700,203125000,16242632,4032,1,43,160000,197435,126907,2066952,2956668,1300231
p1-glass-w10,23,57086200,12435300,33904200,10210900,203125000,16242576,4008,1,44,160000,197607,126862,2067072,2961768,1298303
p1-glass-w10,24,54647300,10004500,34125300,9941300,46875000,16242416,3960,1,45,160000,197316,126510,2066964,2956500,1296718
p1-glass-w10,25,55353600,9413500,35319300,10031300,203125000,16242584,3984,1,46,160000,197866,127157,2066856,2968140,1302888
p1-glass-w10,26,61123400,9375300,41144100,10044300,46875000,16242640,4008,1,47,160000,198326,126993,2066916,2971824,1299887
p1-glass-w10,27,56234800,9961600,35236500,10453400,62500000,16242408,3984,1,48,160000,198063,127353,2067096,2965308,1304958
p1-glass-w10,28,57942800,10084900,37372800,9953500,203125000,16242560,3960,1,49,160000,198152,127005,2066976,2972352,1301369
p1-glass-w10,29,57721600,12733300,33242400,10984600,93750000,16242272,4008,1,50,160000,198357,127307,2067156,2972460,1304157
p1-glass-w14,0,54621200,9490500,34259800,10155000,265625000,16243712,5176,1,21,160000,198550,127430,2067012,2978580,1305583
p1-glass-w14,1,53402800,9349900,33543800,9945100,250000000,16244240,5152,1,22,160000,197304,126752,2066964,2957532,1297522
p1-glass-w14,2,52278800,8257500,33520000,9984100,265625000,16243672,5152,1,23,160000,197236,126706,2066928,2956512,1298419
p1-glass-w14,3,52367600,8204400,33564200,10076500,46875000,16243640,5152,1,24,160000,198230,127211,2067000,2971908,1303424
p1-glass-w14,4,54771300,8377600,34663900,11094900,265625000,16243528,5152,1,25,160000,198158,127513,2066880,2966700,1306763
p1-glass-w14,5,52587000,8640400,33370600,10040900,46875000,16243696,5176,1,26,160000,198446,127382,2066688,2974260,1305579
p1-glass-w14,6,52113600,8214000,33436900,9945200,156250000,16243704,5152,1,27,160000,197855,127008,2067048,2965464,1301354
p1-glass-w14,7,52888100,8910800,33531200,9900700,265625000,16243472,5128,1,28,160000,197314,126679,2067072,2953440,1297372
p1-glass-w14,8,51987900,7984000,33471800,9986900,46875000,16243720,5200,1,29,160000,197661,127123,2066916,2960532,1302466
p1-glass-w14,9,53801500,8528900,34712700,9929200,218750000,16243912,5504,1,30,160000,198051,126895,2066736,2969892,1300282
p1-glass-w14,10,54643200,8299300,35173100,10547700,62500000,16244024,5376,1,31,160000,198074,127097,2066892,2966988,1302062
p1-glass-w14,11,56659400,8870100,37350200,9904500,234375000,16243720,5200,1,32,160000,198185,127177,2066832,2969868,1303278
p1-glass-w14,12,51798600,7835300,33433800,9913200,46875000,16243808,5176,1,33,160000,197837,127069,2066940,2962884,1300982
p1-glass-w14,13,52192400,8230600,33537200,9886200,93750000,16243752,5152,1,34,160000,197604,126964,2067084,2966220,1301027
p1-glass-w14,14,67788700,23138300,34122500,9956100,484375000,16243664,5176,1,35,160000,197851,126861,2066916,2963508,1300892
p1-glass-w14,15,52575000,8635200,33452100,9970100,46875000,16243784,5152,1,36,160000,197442,126918,2066904,2955684,1300708
p1-glass-w14,16,52011400,7996000,33548300,9967700,250000000,16243864,5200,1,37,160000,198611,127391,2067048,2982228,1305309
p1-glass-w14,17,52231800,8245100,33545300,9941500,265625000,16243584,5128,1,38,160000,197678,126764,2066856,2962008,1298064
p1-glass-w14,18,55178100,10974000,33598600,9991700,46875000,16243784,5152,1,39,160000,197688,126984,2066904,2959812,1301377
p1-glass-w14,19,55299800,10110900,34421600,10210100,265625000,16243528,5152,1,40,160000,197652,127025,2067036,2957844,1301395
p1-glass-w14,20,53201300,9303200,33477300,9909900,46875000,16243744,5128,1,41,160000,198231,127188,2066976,2970276,1303548
p1-glass-w14,21,53396500,7844800,33899600,11040800,265625000,16243664,5176,1,42,160000,198922,127417,2066928,2983848,1304998
p1-glass-w14,22,56262400,11615500,34010500,9953100,46875000,16243776,5176,1,43,160000,197435,126907,2066952,2956668,1300231
p1-glass-w14,23,52735100,8517300,33817000,9898300,250000000,16243696,5128,1,44,160000,197607,126862,2067072,2961768,1298303
p1-glass-w14,24,52115500,7886600,33796800,9915200,46875000,16243632,5176,1,45,160000,197316,126510,2066964,2956500,1296718
p1-glass-w14,25,53779800,8112000,34741400,10362100,46875000,16243752,5152,1,46,160000,197866,127157,2066856,2968140,1302888
p1-glass-w14,26,55171700,9662800,34839800,10097800,171875000,16243832,5200,1,47,160000,198326,126993,2066916,2971824,1299887
p1-glass-w14,27,53730500,8848100,34443000,9933700,31250000,16243624,5200,1,48,160000,198063,127353,2067096,2965308,1304958
p1-glass-w14,28,55106300,8512100,36195300,9895200,218750000,16243728,5128,1,49,160000,198152,127005,2066976,2972352,1301369
p1-glass-w14,29,53393700,8045500,34749700,10100700,46875000,16243440,5176,1,50,160000,198357,127307,2067156,2972460,1304157
p1-glass-w2,0,81144800,35035900,35026000,10432900,109375000,16240320,1784,1,21,160000,198550,127430,2067012,2978580,1305583
p1-glass-w2,1,79930300,36203500,33302100,9903800,109375000,16240192,1784,1,22,160000,197304,126752,2066964,2957532,1297522
p1-glass-w2,2,78121800,33998000,33492700,10104600,109375000,16240304,1784,1,23,160000,197236,126706,2066928,2956512,1298419
p1-glass-w2,3,81106500,36677000,33863600,10042100,109375000,16240272,1784,1,24,160000,198230,127211,2067000,2971908,1303424
p1-glass-w2,4,79175800,33920400,34316500,10375600,109375000,16240160,1784,1,25,160000,198158,127513,2066880,2966700,1306763
p1-glass-w2,5,80813800,34513300,35335100,10354600,109375000,16240304,1784,1,26,160000,198446,127382,2066688,2974260,1305579
p1-glass-w2,6,78237600,34251600,33314000,10072600,93750000,16241016,1784,1,27,160000,197855,127008,2067048,2965464,1301354
p1-glass-w2,7,84774300,39284100,34981600,9969400,140625000,16240128,1784,1,28,160000,197314,126679,2067072,2953440,1297372
p1-glass-w2,8,78069700,33817700,33678300,10043600,109375000,16240304,1784,1,29,160000,197661,127123,2066916,2960532,1302466
p1-glass-w2,9,80248700,35039500,34270500,10273800,109375000,16240208,1800,1,30,160000,198051,126895,2066736,2969892,1300282
p1-glass-w2,10,80934200,34676300,35293200,10347200,109375000,16240608,1960,1,31,160000,198074,127097,2066892,2966988,1302062
p1-glass-w2,11,80890300,34467300,34909200,10854200,109375000,16240304,1784,1,32,160000,198185,127177,2066832,2969868,1303278
p1-glass-w2,12,80187200,34709300,34856900,9908900,93750000,16240416,1784,1,33,160000,197837,127069,2066940,2962884,1300982
p1-glass-w2,13,81325700,34861500,35871300,10043700,125000000,16240384,1784,1,34,160000,197604,126964,2067084,2966220,1301027
p1-glass-w2,14,87230800,43277400,33431700,9924200,109375000,16240272,1784,1,35,160000,197851,126861,2066916,2963508,1300892
p1-glass-w2,15,78761800,33938200,34033400,10268600,93750000,16240416,1784,1,36,160000,197442,126918,2066904,2955684,1300708
p1-glass-w2,16,78900100,34264300,33891100,10152000,93750000,16240448,1784,1,37,160000,198611,127391,2067048,2982228,1305309
p1-glass-w2,17,78281100,34151100,33530100,10045100,109375000,16240240,1784,1,38,160000,197678,126764,2066856,2962008,1298064
p1-glass-w2,18,79020300,33881600,33921700,10561400,93750000,16240416,1784,1,39,160000,197688,126984,2066904,2959812,1301377
p1-glass-w2,19,82398600,36414100,35074600,10280500,125000000,16240160,1784,1,40,160000,197652,127025,2067036,2957844,1301395
p1-glass-w2,20,79867500,34769800,33918700,10582800,109375000,16240400,1784,1,41,160000,198231,127188,2066976,2970276,1303548
p1-glass-w2,21,82690500,36390400,35486600,10139900,109375000,16240272,1784,1,42,160000,198922,127417,2066928,2983848,1304998
p1-glass-w2,22,80413700,35814600,33393700,10552700,109375000,16240384,1784,1,43,160000,197435,126907,2066952,2956668,1300231
p1-glass-w2,23,78991400,34248500,34126000,10086100,93750000,16240352,1784,1,44,160000,197607,126862,2067072,2961768,1298303
p1-glass-w2,24,79319300,33557800,34543500,10645900,109375000,16240240,1784,1,45,160000,197316,126510,2066964,2956500,1296718
p1-glass-w2,25,82147000,36259700,35146200,10110100,140625000,16240384,1784,1,46,160000,197866,127157,2066856,2968140,1302888
p1-glass-w2,26,85200700,41055800,33697200,9926500,109375000,16240416,1784,1,47,160000,198326,126993,2066916,2971824,1299887
p1-glass-w2,27,78717300,33433700,34451200,10222500,109375000,16240208,1784,1,48,160000,198063,127353,2067096,2965308,1304958
p1-glass-w2,28,82759300,34104000,38120400,10031000,109375000,16240384,1784,1,49,160000,198152,127005,2066976,2972352,1301369
p1-glass-w2,29,86322800,41978900,33532400,10285200,140625000,16240048,1784,1,50,160000,198357,127307,2067156,2972460,1304157
p1-glass-w20,0,54256600,9848600,33768900,9957500,46875000,16245448,6912,1,21,160000,198550,127430,2067012,2978580,1305583
p1-glass-w20,1,51219600,7318500,33456800,9922200,312500000,16245320,6912,1,22,160000,197304,126752,2066964,2957532,1297522
p1-glass-w20,2,51153000,7362300,33336800,9937600,46875000,16245504,6984,1,23,160000,197236,126706,2066928,2956512,1298419
p1-glass-w20,3,61092600,8264300,42055600,10212600,46875000,16245424,6936,1,24,160000,198230,127211,2067000,2971908,1303424
p1-glass-w20,4,52350300,8250900,33592100,9922800,46875000,16245312,6936,1,25,160000,198158,127513,2066880,2966700,1306763
p1-glass-w20,5,51225900,7193000,33418200,10030000,281250000,16245432,6912,1,26,160000,198446,127382,2066688,2974260,1305579
p1-glass-w20,6,52642700,8118800,34017700,9949300,78125000,16245464,6912,1,27,160000,197855,127008,2067048,2965464,1301354
p1-glass-w20,7,51162800,7333900,33328400,9959700,46875000,16245256,6912,1,28,160000,197314,126679,2067072,2953440,1297372
p1-glass-w20,8,51627100,7627500,33384500,10078600,296875000,16245480,6960,1,29,160000,197661,127123,2066916,2960532,1302466
p1-glass-w20,9,53184700,8152900,34461900,9916300,109375000,16245336,6928,1,30,160000,198051,126895,2066736,2969892,1300282
p1-glass-w20,10,52351000,7217200,34631000,9904900,46875000,16245760,7112,1,31,160000,198074,127097,2066892,2966988,1302062
p1-glass-w20,11,56779800,7745400,38203700,10273400,328125000,16245480,6960,1,32,160000,198185,127177,2066832,2969868,1303278
p1-glass-w20,12,51591300,7500700,33452500,10106600,46875000,16245568,6936,1,33,160000,197837,127069,2066940,2962884,1300982
p1-glass-w20,13,51587200,7090800,33918100,9973600,343750000,16245512,6912,1,34,160000,197604,126964,2067084,2966220,1301027
p1-glass-w20,14,64920500,20884000,33540800,9906300,421875000,16245424,6936,1,35,160000,197851,126861,2066916,2963508,1300892
p1-glass-w20,15,50927700,6940600,33350000,10113300,46875000,16245568,6936,1,36,160000,197442,126918,2066904,2955684,1300708
p1-glass-w20,16,57776900,8449000,33538800,14796400,62500000,16245576,6912,1,37,160000,198611,127391,2067048,2982228,1305309
p1-glass-w20,17,52789500,8676900,33642600,9914000,46875000,16245344,6888,1,38,160000,197678,126764,2066856,2962008,1298064
p1-glass-w20,18,51329400,7502500,33387300,9904500,46875000,16245616,6984,1,39,160000,197688,126984,2066904,2959812,1301377
p1-glass-w20,19,51157300,7072200,33330200,10198500,359375000,16245288,6912,1,40,160000,197652,127025,2067036,2957844,1301395
p1-glass-w20,20,54061000,9698300,33939600,9909900,46875000,16246480,7864,1,41,160000,198231,127188,2066976,2970276,1303548
p1-glass-w20,21,51412300,7481800,33447400,9923100,125000000,16245424,6936,1,42,160000,198922,127417,2066928,2983848,1304998
p1-glass-w20,22,51380500,7306300,33523100,9974800,343750000,16245512,6912,1,43,160000,197435,126907,2066952,2956668,1300231
p1-glass-w20,23,51516700,7168600,33627000,10102200,46875000,16245552,6984,1,44,160000,197607,126862,2067072,2961768,1298303
p1-glass-w20,24,62653200,12895700,37575000,11359900,359375000,16245368,6912,1,45,160000,197316,126510,2066964,2956500,1296718
p1-glass-w20,25,56490100,7552000,37725100,10592500,62500000,16245584,6984,1,46,160000,197866,127157,2066856,2968140,1302888
p1-glass-w20,26,61661600,9365800,39004500,12559500,62500000,16245592,6960,1,47,160000,198326,126993,2066916,2971824,1299887
p1-glass-w20,27,55304500,8683100,35870700,10166200,46875000,16245336,6912,1,48,160000,198063,127353,2067096,2965308,1304958
p1-glass-w20,28,57427400,8686500,38326700,9915800,218750000,16245512,6912,1,49,160000,198152,127005,2066976,2972352,1301369
p1-glass-w20,29,52974100,7205500,34514300,10468500,46875000,16245152,6888,1,50,160000,198357,127307,2067156,2972460,1304157
p1-glass-w4,0,63804600,17881800,34904700,10295200,109375000,16240864,2328,1,21,160000,198550,127430,2067012,2978580,1305583
p1-glass-w4,1,63235400,17818500,34555700,10252700,109375000,16240736,2328,1,22,160000,197304,126752,2066964,2957532,1297522
p1-glass-w4,2,62942600,17562000,34673700,10127400,109375000,16240896,2376,1,23,160000,197236,126706,2066928,2956512,1298419
p1-glass-w4,3,62833000,17674000,34686100,9908400,109375000,16240816,2328,1,24,160000,198230,127211,2067000,2971908,1303424
p1-glass-w4,4,64669500,19312500,34809600,9927500,109375000,16240704,2328,1,25,160000,198158,127513,2066880,2966700,1306763
p1-glass-w4,5,62637300,17525500,34558700,9968900,109375000,16240848,2328,1,26,160000,198446,127382,2066688,2974260,1305579
p1-glass-w4,6,63031500,17543700,34915400,9992100,109375000,16240880,2328,1,27,160000,197855,127008,2067048,2965464,1301354
p1-glass-w4,7,64182200,18636900,34754600,10181700,109375000,16240672,2328,1,28,160000,197314,126679,2067072,2953440,1297372
p1-glass-w4,8,66317500,20684900,35022000,10020600,140625000,16240872,2352,1,29,160000,197661,127123,2066916,2960532,1302466
p1-glass-w4,9,64048400,17810000,35425900,10133100,125000000,16240752,2344,1,30,160000,198051,126895,2066736,2969892,1300282
p1-glass-w4,10,63274900,17666800,34864800,10139000,109375000,16241176,2528,1,31,160000,198074,127097,2066892,2966988,1302062
p1-glass-w4,11,67467100,17725200,34642000,10008200,109375000,16240872,2352,1,32,160000,198185,127177,2066832,2969868,1303278
p1-glass-w4,12,61594500,17662500,33381400,9973300,109375000,16241008,2376,1,33,160000,197837,127069,2066940,2962884,1300982
p1-glass-w4,13,61814100,17602900,33520600,10094400,109375000,16240928,2328,1,34,160000,197604,126964,2067084,2966220,1301027
p1-glass-w4,14,82990300,30619600,41829000,9927900,171875000,16240816,2328,1,35,160000,197851,126861,2066916,2963508,1300892
p1-glass-w4,15,61547000,17125000,34005800,9884400,109375000,16240960,2328,1,36,160000,197442,126918,2066904,2955684,1300708
p1-glass-w4,16,61789600,17571800,33777100,9914500,109375000,16241016,2352,1,37,160000,198611,127391,2067048,2982228,1305309
p1-glass-w4,17,64467000,20335400,33662500,9962200,109375000,16240784,2328,1,38,160000,197678,126764,2066856,2962008,1298064
p1-glass-w4,18,61713900,17876600,33365400,9920900,109375000,16240960,2328,1,39,160000,197688,126984,2066904,2959812,1301377
p1-glass-w4,19,64099000,20073000,33557000,9914200,125000000,16240704,2328,1,40,160000,197652,127025,2067036,2957844,1301395
p1-glass-w4,20,70648400,22548300,37130700,10448400,171875000,16240944,2328,1,41,160000,198231,127188,2066976,2970276,1303548
p1-glass-w4,21,61119000,17282900,33358100,9912800,109375000,16240840,2352,1,42,160000,198922,127417,2066928,2983848,1304998
p1-glass-w4,22,62430000,17258300,34285600,10297500,109375000,16240952,2352,1,43,160000,197435,126907,2066952,2956668,1300231
p1-glass-w4,23,61206200,17334300,33395500,9959600,109375000,16240896,2328,1,44,160000,197607,126862,2067072,2961768,1298303
p1-glass-w4,24,62078700,17026700,34502800,9985100,109375000,16240784,2328,1,45,160000,197316,126510,2066964,2956500,1296718
p1-glass-w4,25,63106300,17963500,34584500,9969000,109375000,16240928,2328,1,46,160000,197866,127157,2066856,2968140,1302888
p1-glass-w4,26,66137600,20429700,34860700,10288700,109375000,16240984,2352,1,47,160000,198326,126993,2066916,2971824,1299887
p1-glass-w4,27,62411600,17260000,34682300,9916500,109375000,16240752,2328,1,48,160000,198063,127353,2067096,2965308,1304958
p1-glass-w4,28,65053700,20341300,34321000,9892000,109375000,16240952,2352,1,49,160000,198152,127005,2066976,2972352,1301369
p1-glass-w4,29,62109900,17219500,33893300,10466700,109375000,16240592,2328,1,50,160000,198357,127307,2067156,2972460,1304157
p1-glass-w6,0,56026400,12092800,33274300,10029500,125000000,16241408,2872,1,21,160000,198550,127430,2067012,2978580,1305583
p1-glass-w6,1,55841300,12043300,33279400,10006700,125000000,16241304,2896,1,22,160000,197304,126752,2066964,2957532,1297522
p1-glass-w6,2,55770600,11860200,33477700,9918500,140625000,16241392,2872,1,23,160000,197236,126706,2066928,2956512,1298419
p1-glass-w6,3,55813700,12119700,33226100,9955200,125000000,16241408,2920,1,24,160000,198230,127211,2067000,2971908,1303424
p1-glass-w6,4,56201400,12028900,33657700,9942800,62500000,16241248,2872,1,25,160000,198158,127513,2066880,2966700,1306763
p1-glass-w6,5,55976600,12112500,33399600,9922100,140625000,16241416,2896,1,26,160000,198446,127382,2066688,2974260,1305579
p1-glass-w6,6,56110600,11914100,33307400,10369200,125000000,16241472,2920,1,27,160000,197855,127008,2067048,2965464,1301354
p1-glass-w6,7,59158200,15033400,33534200,10077800,109375000,16241240,2896,1,28,160000,197314,126679,2067072,2953440,1297372
p1-glass-w6,8,57476400,12340800,34232700,10305900,140625000,16241392,2872,1,29,160000,197661,127123,2066916,2960532,1302466
p1-glass-w6,9,57566200,12099500,34785000,10031100,140625000,16241320,2912,1,30,160000,198051,126895,2066736,2969892,1300282
p1-glass-w6,10,58130300,12843200,34766200,9921000,46875000,16241720,3072,1,31,160000,198074,127097,2066892,2966988,1302062
p1-glass-w6,11,63466900,15700900,37243600,9984200,93750000,16241392,2872,1,32,160000,198185,127177,2066832,2969868,1303278
p1-glass-w6,12,55702500,11875600,33389700,9932700,140625000,16241504,2872,1,33,160000,197837,127069,2066940,2962884,1300982
p1-glass-w6,13,56049000,12087600,33253400,10094200,125000000,16241472,2872,1,34,160000,197604,126964,2067084,2966220,1301027
p1-glass-w6,14,66928100,23124400,33298300,9943200,156250000,16241384,2896,1,35,160000,197851,126861,2066916,2963508,1300892
p1-glass-w6,15,55884500,12173900,33247900,9949600,93750000,16241504,2872,1,36,160000,197442,126918,2066904,2955684,1300708
p1-glass-w6,16,56794000,12782400,33576600,9881000,140625000,16241536,2872,1,37,160000,198611,127391,2067048,2982228,1305309
p1-glass-w6,17,57342800,13690500,33285600,9859400,140625000,16241352,2896,1,38,160000,197678,126764,2066856,2962008,1298064
p1-glass-w6,18,60742600,16884200,33273500,10027300,125000000,16241504,2872,1,39,160000,197688,126984,2066904,2959812,1301377
p1-glass-w6,19,55805200,11849600,33512900,9894100,46875000,16241248,2872,1,40,160000,197652,127025,2067036,2957844,1301395
p1-glass-w6,20,55718500,11838600,33240000,10135200,140625000,16241512,2896,1,41,160000,198231,127188,2066976,2970276,1303548
p1-glass-w6,21,57011800,11870900,34167700,10324400,31250000,16241360,2872,1,42,160000,198922,127417,2066928,2983848,1304998
p1-glass-w6,22,57941100,12969100,33859200,10452300,140625000,16241496,2896,1,43,160000,197435,126907,2066952,2956668,1300231
p1-glass-w6,23,57592000,13353800,33612800,10107100,140625000,16241440,2872,1,44,160000,197607,126862,2067072,2961768,1298303
p1-glass-w6,24,58729700,13988100,34113500,10102000,125000000,16241352,2896,1,45,160000,197316,126510,2066964,2956500,1296718
p1-glass-w6,25,57261300,12368400,34418200,9900200,46875000,16241496,2896,1,46,160000,197866,127157,2066856,2968140,1302888
p1-glass-w6,26,59641600,13227600,35944500,9960500,140625000,16241504,2872,1,47,160000,198326,126993,2066916,2971824,1299887
p1-glass-w6,27,56381500,12453600,33337700,9976400,140625000,16241320,2896,1,48,160000,198063,127353,2067096,2965308,1304958
p1-glass-w6,28,63068300,19099700,33566500,9903000,140625000,16241496,2896,1,49,160000,198152,127005,2066976,2972352,1301369
p1-glass-w6,29,57083600,11970300,33816300,10748100,46875000,16241160,2896,1,50,160000,198357,127307,2067156,2972460,1304157
p1-instances,0,42117900,2941000,28159600,10403600,46875000,16277816,7232,1,11,4096,4907,3910,61765,89325,48260
p1-instances,1,43955600,2834200,30248000,10332000,46875000,16277688,7232,1,12,4096,4823,3827,61652,86947,47016
p1-instances,2,40048200,2800300,26330100,10374200,46875000,16277800,7232,1,13,4096,4938,3945,61736,89487,48191
p1-instances,3,40048200,2912300,26425200,10134700,31250000,16277768,7232,1,14,4096,4875,3884,61680,88376,47876
p1-instances,4,40758700,2967100,26884600,10379100,62500000,16277656,7232,1,15,4096,4937,3895,61646,90394,48014
p1-instances,5,40786300,2751400,26873600,10586800,46875000,16277800,7232,1,16,4096,5016,3958,61740,91493,48486
p1-instances,6,41014200,3180600,26865400,10386300,31250000,16277832,7232,1,17,4096,4941,3925,61700,89527,47955
p1-instances,7,40336500,3024300,26462200,10197600,31250000,16277624,7232,1,18,4096,4956,3893,61542,90243,47815
p1-instances,8,41984300,3946400,27071000,10371800,31250000,16277800,7232,1,19,4096,4834,3841,61713,88813,47506
p1-instances,9,41471100,3054400,27652400,10137000,31250000,16277448,7232,1,20,4096,5066,4022,61743,93310,49464
p1-jfr,0,23180600,6978300,5524500,10176600,46875000,16243688,5184,1,51,81000,100181,64456,1046400,1503600,660930
p1-jfr,1,21068600,4927800,5686500,9964800,234375000,16243560,5184,1,52,81000,100588,64472,1046412,1509252,660733
p1-jfr,2,20572200,4189800,5671300,10229400,15625000,16243672,5184,1,53,81000,100541,64582,1046376,1504632,662224
p1-jfr,3,20764100,4370500,5794100,10103900,15625000,16243616,5160,1,54,81000,99863,63902,1046316,1499232,654510
p1-jfr,4,21199600,4547900,5866400,10254800,203125000,16243480,5136,1,55,81000,100229,64625,1046508,1499592,661743
p1-jfr,5,20592200,4229900,5751300,10125100,15625000,16243648,5160,1,56,81000,100307,64521,1046352,1503084,660905
p1-jfr,6,21242800,4592900,5960300,10113000,15625000,16243704,5184,1,57,81000,100300,64495,1046508,1503096,660358
p1-jfr,7,20577600,4213100,5670300,10220600,234375000,16243448,5136,1,58,81000,99847,64316,1046328,1494732,658763
p1-jfr,8,21800100,5306300,6051300,9951400,15625000,16243696,5208,1,59,81000,99946,64093,1046304,1497492,655750
p1-jfr,9,20892700,4354900,5827300,10218600,15625000,16243592,5184,1,60,81000,100345,64362,1046280,1505040,659407
p1-jfr,10,20588000,4378700,5739700,9980800,234375000,16243808,5160,1,61,81000,100368,64447,1046244,1503072,660777
p1-jfr,11,22161700,5458300,6129800,10087000,15625000,16243704,5184,1,62,81000,99981,64195,1046388,1497096,657201
p1-jfr,12,21273400,4538100,5769100,10467100,15625000,16243864,5232,1,63,81000,100134,64209,1046580,1502328,658113
p1-jfr,13,21329100,4619100,6235900,9873800,31250000,16243784,5184,1,64,81000,100183,64421,1046616,1500960,659923
p1-jfr,14,22011500,4379600,6969600,10080700,15625000,16243648,5160,1,65,81000,100518,64251,1046340,1511844,658212
p1-jfr,15,21896600,4372900,6930100,10025100,218750000,16243816,5184,1,66,81000,99883,64279,1046196,1494072,659084
p1-jfr,16,22280000,4422900,7143700,10117700,15625000,16243848,5184,1,67,81000,100384,64410,1046328,1506984,660707
p1-jfr,17,22604300,4549400,7611700,9859200,31250000,16243616,5160,1,68,81000,99535,64093,1046256,1488180,656373
p1-jfr,18,24736500,4467500,9625200,10088800,15625000,16243768,5136,1,69,81000,100302,64336,1046388,1504848,659439
p1-jfr,19,21156900,4901900,5736600,9965100,31250000,16243648,5208,1,70,81000,100175,64375,1046448,1499448,659938
p1-jfr,20,21116000,4571300,5703600,10306000,15625000,16243864,5184,1,71,81000,99959,64141,1046472,1499136,657581
p1-jfr,21,21006100,4833000,5668400,10034600,15625000,16235672,5232,1,72,81000,99946,64432,1046448,1495188,660069
p1-jfr,22,20630100,4479000,5857200,9851400,171875000,16235688,5136,1,73,81000,100029,64070,1046388,1498764,656526
p1-jfr,23,20652700,4394000,5750500,9885600,31250000,16235704,5184,1,74,81000,100227,64492,1046340,1499256,661390
p1-jfr,24,20545500,4568100,5602800,9918500,15625000,16235568,5160,1,75,81000,100187,64151,1046256,1505124,657241
p1-jfr,25,20466400,4450500,5626800,9941400,140625000,16235712,5160,1,76,81000,100352,64273,1046436,1508280,658929
p1-jfr,26,20355300,4267700,5737800,9905900,15625000,16235744,5160,1,77,81000,100160,64233,1046472,1502040,657312
p1-jfr,27,20826400,4753200,5635500,9985600,15625000,16235536,5160,1,78,81000,100266,64435,1046400,1503888,660070
p1-jfr,28,20379300,4345500,5691600,9900600,15625000,16235712,5160,1,79,81000,100209,64377,1046256,1499952,660046
p1-jfr,29,20507300,4396700,5742900,9925800,31250000,16235304,5184,1,80,81000,99738,64153,1046316,1490796,657480
p1-jfr,30,20745500,4492300,5772700,10031300,15625000,16235520,5160,1,81,81000,99695,64035,1046520,1493352,655863
p1-jfr,31,20615000,4521300,5642600,9982000,15625000,16235464,5232,1,82,81000,100334,64464,1046532,1503084,659947
p1-jfr,32,20709000,4283800,5848400,10119000,109375000,16235528,5184,1,83,81000,99898,64261,1046256,1493784,658326
p1-jfr,33,21102400,4926700,5769300,9969000,15625000,16235520,5208,1,84,81000,99927,64055,1046484,1500660,656070
p1-jfr,34,21001600,4639800,5680000,10236400,15625000,16235384,5184,1,85,81000,99970,64383,1046364,1497612,660111
p1-jfr,35,22563500,6516700,5702000,9863900,15625000,16235552,5208,1,86,81000,99942,64249,1046364,1494708,659069
p1-jfr,36,20846000,4537700,5810200,9984300,15625000,16235560,5184,1,87,81000,99704,64458,1046196,1488456,660635
p1-jfr,37,20526800,4485500,5654900,9938300,171875000,16235352,5184,1,88,81000,99798,64337,1046508,1493208,659461
p1-jfr,38,20451700,4448000,5711400,9845400,15625000,16235552,5208,1,89,81000,100743,64751,1046424,1510668,663845
p1-jfr,39,20550200,4491700,5631000,9972200,15625000,16235456,5160,1,90,81000,100534,64511,1046304,1506720,661455
p1-jfr,40,20381100,4189800,5687600,10007400,31250000,16235720,5184,1,91,81000,99968,64138,1046232,1496916,657057
p1-jfr,41,23360700,5593000,7312800,9937100,15625000,16235592,5184,1,92,81000,100435,64358,1046640,1506852,658707
p1-jfr,42,22691100,4673500,7556100,9953100,15625000,16235704,5184,1,93,81000,100197,64312,1046352,1502268,658520
p1-jfr,43,22536800,4406900,7540100,9886900,31250000,16235744,5256,1,94,81000,99970,64114,1046316,1498704,656878
p1-jfr,44,22886500,4462900,7885800,9977800,15625000,16235608,5232,1,95,81000,100139,64265,1046328,1501224,658303
p1-jfr,45,22960100,4729100,7712100,9858300,234375000,16235728,5208,1,96,81000,100577,64412,1046436,1508796,660270
p1-jfr,46,22939900,4493100,7865900,10005000,15625000,16235736,5184,1,97,81000,100092,64491,1046328,1499244,660832
p1-jfr,47,41728500,4544700,15688000,20645500,218750000,16235576,5232,1,98,81000,100277,64259,1046364,1505484,658250
p1-jfr,48,35361500,5017500,8988900,20521300,31250000,16235728,5208,1,99,81000,100014,64236,1046580,1499184,659009
p1-jfr,49,33726600,4952800,8991500,18943700,234375000,16243168,5136,1,100,81000,100003,64286,1046268,1498692,658969
p1-jfr,50,37625000,6925900,9059200,20784900,46875000,16243528,5256,1,101,81000,99977,64416,1046508,1496760,660106
p1-jfr,51,35880200,4981000,9123500,20855800,31250000,16243352,5208,1,102,81000,99994,64172,1046496,1497120,657057
p1-jfr,52,26580300,4994700,5920800,14926600,15625000,16243416,5160,1,103,81000,100498,64243,1046400,1511160,657415
p1-jfr,53,33227300,4931600,6904800,20498500,31250000,16243408,5184,1,104,81000,100059,64250,1046376,1498224,658653
p1-jfr,54,35330400,5200000,9000800,20292100,31250000,16243272,5160,1,105,81000,100169,64122,1046448,1501632,656544
p1-jfr,55,35647900,4899900,9180600,20711700,171875000,16243392,5136,1,106,81000,99806,64295,1046508,1492740,658334
p1-jfr,56,35640600,4913800,9148300,20730400,31250000,16243448,5160,1,107,81000,100519,64486,1046448,1505580,661077
p1-jfr,57,35237100,4570300,9031900,20655800,31250000,16243264,5184,1,108,81000,100361,64534,1046448,1503576,661471
p1-jfr,58,35273100,4721900,8978600,20759700,31250000,16243416,5160,1,109,81000,100431,64339,1046484,1505076,658876
p1-jfr,59,35249200,4774100,9211000,20449600,250000000,16243456,5184,1,110,81000,100373,64225,1046544,1506576,658347
p1-jfr,60,35045600,4801900,9056700,20717900,31250000,16243672,5160,1,111,81000,99677,64260,1046508,1494396,657821
p1-jfr,61,26575100,8773400,5889100,11452100,31250000,16243568,5184,1,112,81000,100316,64279,1046292,1504584,658168
p1-jfr,62,36013500,7397200,9023400,18759300,31250000,16243800,5304,1,113,81000,99988,64296,1046448,1496964,658960
p1-jfr,63,34765800,6792800,8143800,18986000,31250000,16243672,5208,1,114,81000,100474,64440,1046508,1507128,659327
p1-jfr,64,34900400,4918200,8236500,20908200,31250000,16243560,5208,1,115,81000,100085,64222,1046460,1500156,657809
p1-jfr,65,48437800,17564400,9027300,21019900,250000000,16243680,5184,1,116,81000,100480,64432,1046364,1509288,660396
p1-jfr,66,35760000,5126600,9144600,20629400,46875000,16243712,5184,1,117,81000,99807,63970,1046496,1498440,654921
p1-jfr,67,35505200,5055000,9193800,20445700,31250000,16243552,5232,1,118,81000,100026,64353,1046568,1498932,658759
p1-jfr,68,35249300,6362400,9053000,18887500,15625000,16243680,5184,1,119,81000,99681,64324,1046424,1489368,659760
p1-jfr,69,33666100,4897600,9093400,18858000,234375000,16243328,5184,1,120,81000,100237,64335,1046412,1505040,659790
p1-jfr,70,36090000,5151000,9485400,20612800,46875000,16243544,5160,1,121,81000,99983,64294,1046412,1498644,658670
p1-jfr,71,25042000,7678500,6734500,10168400,15625000,16243416,5160,1,122,81000,100336,64559,1046400,1502592,661688
p1-jfr,72,36253200,6778700,8204900,20432700,93750000,16243528,5160,1,123,81000,100431,64193,1046232,1508832,657351
p1-jfr,73,37083400,6538200,9076000,20548800,31250000,16243496,5160,1,124,81000,100402,64436,1046376,1504068,660297
p1-jfr,74,37743400,7428200,8837800,20651400,218750000,16243384,5160,1,125,81000,100272,64491,1046328,1501728,660691
p1-jfr,75,36112100,5814800,9084900,20377200,46875000,16243576,5208,1,126,81000,100762,64653,1046544,1510764,663091
p1-jfr,76,36617800,5876700,9268600,20604800,31250000,16243656,5256,1,127,81000,100368,64526,1046496,1500648,661495
p1-jfr,77,32174200,4896500,8350300,18346100,109375000,16243400,5208,1,128,81000,100262,64336,1046256,1505148,658819
p1-jfr,78,35764900,5941800,8472300,20470600,250000000,16243552,5184,1,129,81000,99729,64172,1046484,1491240,657682
p1-jfr,79,35500200,5615900,10101700,18917900,31250000,16243464,5208,1,130,81000,100377,64287,1046508,1503036,658557
p1-jfr,80,34851100,5547600,10079600,18201000,31250000,16243704,5208,1,131,81000,100635,64556,1046304,1511580,661170
p1-jfr,81,27658600,5861200,9287800,11656700,15625000,16243600,5232,1,132,81000,100190,64359,1046616,1497168,659223
p1-jfr,82,37217500,7066700,11174700,18460100,31250000,16243664,5184,1,133,81000,100809,64759,1046268,1509780,663922
p1-jfr,83,36169000,5035500,9544400,20719800,250000000,16243632,5184,1,134,81000,100167,64326,1046412,1499388,659166
p1-jfr,84,35252400,5090600,7909600,21376800,31250000,16243496,5160,1,135,81000,100729,64390,1046328,1509924,660303
p1-jfr,85,28958100,5862500,6583600,15629700,31250000,16243712,5232,1,136,81000,99928,64173,1046280,1495668,657888
p1-jfr,86,30175500,5688600,7981000,15621100,15625000,16243768,5256,1,137,81000,100421,64250,1046508,1506468,658277
p1-jfr,87,37053400,5721700,9305100,20838800,31250000,16243488,5184,1,138,81000,100262,64258,1046364,1501800,658065
p1-jfr,88,25892400,5745400,8873400,10731300,31250000,16243640,5160,1,139,81000,100229,64238,1046652,1504380,658214
p1-jfr,89,37168700,6337800,10124500,19804600,31250000,16243456,5232,1,140,81000,100241,64489,1046496,1501452,661492
p1-jfr,90,25441900,5343200,6051200,13332300,31250000,16243720,5256,1,141,81000,100181,64212,1046220,1502352,658265
p1-jfr,91,26065800,5685700,5881600,13928300,15625000,16243544,5208,1,142,81000,100702,64420,1046388,1511052,658883
p1-jfr,92,36750200,6013900,8963200,20923700,250000000,16243656,5208,1,143,81000,99795,63966,1046496,1497516,654578
p1-jfr,93,35691100,5100400,9041300,20688600,31250000,16243552,5136,1,144,81000,99666,64190,1046340,1494312,657532
p1-jfr,94,35151800,4836400,9031600,20449200,31250000,16243464,5160,1,145,81000,100269,64272,1046292,1503528,658192
p1-jfr,95,37855000,7608800,9481300,19827400,109375000,16243608,5160,1,146,81000,100319,64450,1046340,1503120,660637
p1-jfr,96,35429500,6767700,9109900,18723400,31250000,16243688,5208,1,147,81000,100312,64207,1046484,1505820,657609
p1-jfr,97,33670200,5443300,8373900,18996200,31250000,16243504,5232,1,148,81000,100032,64223,1046496,1499460,658434
p1-jfr,98,35824900,5176400,9163200,20655700,15625000,16243656,5208,1,149,81000,99641,64162,1046364,1491816,657715
p1-jfr,99,35863400,4922200,9537200,20558000,125000000,16243344,5232,1,150,81000,99946,64144,1046388,1497996,657647
p1-mesh-room-half,0,66674800,48373800,7273100,10396200,671875000,16276112,5528,1,11,324000,389655,307895,4850752,7114303,3786733
p1-mesh-room-half,1,62714400,44535700,6949000,10638200,468750000,16276056,5600,1,12,324000,389914,307927,4851458,7120965,3782412
p1-mesh-room-half,2,60931000,43142100,6988300,10163300,468750000,16276144,5576,1,13,324000,389919,308067,4850823,7115589,3789055
p1-mesh-room-half,3,60181000,42445200,6944100,10184200,671875000,16276088,5552,1,14,324000,389866,307925,4850444,7121515,3788228
p1-mesh-room-half,4,60056200,42398900,6923100,10153600,671875000,16276024,5600,1,15,324000,389666,307552,4851248,7115941,3782523
p1-mesh-room-half,5,61280300,43478000,6964000,10227600,671875000,16276168,5600,1,16,324000,389299,307378,4850976,7106742,3778274
p1-mesh-room-half,6,59809400,42148200,6901900,10159100,656250000,16276176,5576,1,17,324000,388548,307224,4850968,7080269,3778719
p1-mesh-room-half,7,63678100,42516500,10388300,10214300,671875000,16275992,5600,1,18,324000,389108,307721,4851568,7091297,3781680
p1-mesh-room-half,8,61055200,44454100,5957100,10117700,671875000,16276144,5576,1,19,324000,389883,307909,4850548,7119225,3786169
p1-mesh-room-half,9,60031700,43455600,5899800,10149600,671875000,16275792,5576,1,20,324000,389696,307920,4850829,7118351,3785223
p1-mesh-room-native,0,189088400,170658200,7380100,10444100,2265625000,16276112,5528,1,11,1296000,1557918,1231527,19403424,28433843,15148432
p1-mesh-room-native,1,228476200,201217300,7276100,18952300,2859375000,16276008,5552,1,12,1296000,1557445,1230722,19403000,28421918,15143290
p1-mesh-room-native,2,241965400,209088100,10649300,21155100,2890625000,16276120,5552,1,13,1296000,1556910,1230687,19403730,28398180,15137691
p1-mesh-room-native,3,211468000,178460500,10795100,21181200,2421875000,16276064,5528,1,14,1296000,1558007,1230662,19403766,28425119,15135337
p1-mesh-room-native,4,209973500,178050200,9674800,21256300,2453125000,16275976,5552,1,15,1296000,1557874,1231080,19404167,28420267,15143009
p1-mesh-room-native,5,203580300,175123500,9400300,18042200,2421875000,16276120,5552,1,16,1296000,1557073,1230649,19403783,28400645,15135782
p1-mesh-room-native,6,209044500,177163100,9760100,21109000,2437500000,16276128,5528,1,17,1296000,1558972,1231428,19403899,28459881,15146793
p1-mesh-room-native,7,211859600,181032000,10071700,20132900,2625000000,16275992,5600,1,18,1296000,1559110,1231786,19403579,28459065,15149081
p1-mesh-room-native,8,209090300,177300100,9828000,21025700,2437500000,16276096,5528,1,19,1296000,1557912,1231627,19403862,28407502,15146958
p1-mesh-room-native,9,209245600,178920600,9743800,19419000,2640625000,16275744,5528,1,20,1296000,1559874,1232412,19403960,28470647,15157919
p1-mesh-room-quarter,0,32378500,14389300,7105300,10230200,234375000,16276184,5600,1,11,81000,97175,76674,1212690,1772527,940782
p1-mesh-room-quarter,1,33904600,13416800,9729300,10163000,234375000,16276080,5624,1,12,81000,97770,77071,1212792,1787507,946638
p1-mesh-room-quarter,2,31188700,13012500,7338100,10185600,31250000,16276168,5600,1,13,81000,97150,76759,1212563,1768580,943559
p1-mesh-room-quarter,3,33787500,12722300,7346400,13083300,31250000,16276136,5600,1,14,81000,97178,76748,1212654,1770344,944295
p1-mesh-room-quarter,4,31499400,13761000,6964200,10168100,31250000,16276024,5600,1,15,81000,97391,76911,1212836,1783939,947298
p1-mesh-room-quarter,5,30975100,12450100,7493600,10403200,46875000,16276168,5600,1,16,81000,97043,76792,1212677,1764796,943342
p1-mesh-room-quarter,6,30810100,12913000,6937000,10347300,31250000,16276248,5648,1,17,81000,97475,76977,1212507,1778488,945568
p1-mesh-room-quarter,7,33709300,12972900,7504300,12559000,15625000,16275968,5576,1,18,81000,96640,76513,1212852,1759395,942230
p1-mesh-room-quarter,8,31352100,13522800,7004200,10210300,234375000,16276120,5552,1,19,81000,97415,76935,1212856,1776765,944753
p1-mesh-room-quarter,9,30565700,13024900,6798200,10162700,218750000,16275792,5576,1,20,81000,97956,77414,1212799,1789868,951484
p1-motion,0,23424200,5955600,6917900,9974400,15625000,16235752,5152,1,1,81000,100502,64322,1045152,1508232,660111
p1-motion,1,25234800,4765000,10034800,9883200,0,16235752,5152,1,1,81000,100506,64342,1045020,1508436,660581
p1-motion,2,21945100,4714300,6915200,9727600,31250000,16235704,5104,1,1,81000,100629,64321,1044840,1511592,660387
p1-motion,3,27581300,10005100,6993100,9950200,156250000,16235728,5128,1,1,81000,100662,64346,1044756,1511760,660358
p1-motion,4,22450600,4881700,6933300,10072900,15625000,16235752,5152,1,1,81000,100703,64337,1044792,1512648,660032
p1-motion,5,22131200,4705500,7146300,9726500,31250000,16235752,5152,1,1,81000,100649,64320,1044756,1511520,660058
p1-motion,6,21743300,4518400,6825700,9822900,15625000,16235728,5128,1,1,81000,100627,64304,1044744,1511304,659793
p1-motion,7,21807700,4564000,6914700,9740800,15625000,16235728,5128,1,1,81000,100658,64330,1044804,1511652,660044
p1-motion,8,22268500,4888100,7019600,9792900,234375000,16235992,5392,1,1,81000,100697,64357,1044816,1512432,660356
p1-motion,9,21925800,4679200,6856400,9826700,15625000,16235800,5200,1,1,81000,100632,64315,1044816,1511328,660036
p1-motion,10,23869000,4562700,8777900,9810700,31250000,16235776,5176,1,1,81000,100548,64319,1044948,1509612,660456
p1-motion,11,20501200,4468500,5762500,9744800,15625000,16235776,5176,1,1,81000,100469,64307,1045056,1507560,660003
p1-motion,12,20587700,4631200,5663200,9784600,15625000,16235800,5200,1,1,81000,100560,64325,1045140,1509012,660076
p1-motion,13,20207900,4338100,5618500,9774400,234375000,16235704,5104,1,1,81000,100658,64370,1045212,1511088,660320
p1-motion,14,20643100,4763900,5633600,9755900,15625000,16235800,5200,1,1,81000,100723,64413,1045356,1512132,660820
p1-motion,15,20561100,4283400,5794100,9979800,15625000,16235728,5128,1,1,81000,100603,64412,1045452,1509756,660886
p1-motion,16,20385100,4463900,5625900,9803700,187500000,16235728,5128,1,1,81000,100693,64461,1045620,1510692,661145
p1-motion,17,20322400,4343100,5699600,9790100,15625000,16235752,5152,1,1,81000,100670,64504,1045716,1510068,661699
p1-motion,18,20777000,4929300,5623800,9731000,15625000,16235728,5128,1,1,81000,100660,64528,1045848,1509792,661772
p1-motion,19,21132900,4315700,6471300,9781900,203125000,16235768,5168,1,1,81000,100595,64486,1045968,1508868,661090
p1-native-t16,0,83958400,65251400,7571800,10506100,875000000,16243816,5152,1,11,1296000,1601514,1029548,16742088,23990064,10551497
p1-native-t16,1,81998300,63862900,7186800,10344500,890625000,16243664,5128,1,12,1296000,1601226,1028808,16741884,23971260,10541982
p1-native-t16,2,88512500,66668400,10952400,10362700,890625000,16243776,5128,1,13,1296000,1604162,1030332,16742304,24032652,10558837
p1-native-t16,3,84738500,68233800,5722600,10259400,890625000,16243744,5128,1,14,1296000,1603169,1028841,16742604,24028680,10536212
p1-native-t16,4,79459800,62790300,5839000,10296600,890625000,16243632,5128,1,15,1296000,1603199,1029501,16742460,24024984,10548706
p1-native-t16,5,83161300,66624500,5810900,10208100,906250000,16243936,5288,1,16,1296000,1603145,1029289,16742568,24020772,10545658
p1-native-t16,6,80921100,64418300,5766500,10188400,890625000,16243808,5128,1,17,1296000,1602119,1029032,16742796,24007992,10542607
p1-native-t16,7,81264200,64028700,6428400,10212700,890625000,16243624,5152,1,18,1296000,1602602,1029184,16742628,24026904,10544779
p1-native-t16,8,80257800,63569400,6032100,10126600,890625000,16243776,5128,1,19,1296000,1604727,1030069,16742304,24056640,10553667
p1-native-t16,9,83075100,66487400,5923300,10130600,890625000,16243424,5128,1,20,1296000,1603017,1029288,16742328,24021960,10545771
p1-native-t16,10,82759100,66126100,5876600,10122400,1109375000,16243928,5392,1,21,1296000,1604878,1029723,16742388,24050148,10548778
p1-native-t16,11,83295100,65495000,7140400,10061900,890625000,16243536,5128,1,22,1296000,1603358,1029323,16742316,24031728,10545347
p1-native-t16,12,84455100,63207900,10573100,10144200,875000000,16243648,5128,1,23,1296000,1604945,1029769,16742568,24071904,10552973
p1-native-t16,13,81623200,65094800,5926300,10087700,1015625000,16243616,5128,1,24,1296000,1602753,1029419,16742292,24015072,10547814
p1-native-t16,14,80344600,63742400,6056100,10023400,890625000,16243504,5128,1,25,1296000,1603461,1028381,16742628,24032532,10534626
p1-native-t16,15,80630900,64232500,5791200,10052000,890625000,16243648,5128,1,26,1296000,1603176,1029915,16742724,24014124,10550283
p1-native-t16,16,82140400,65710000,5836900,10059900,890625000,16243680,5128,1,27,1296000,1602890,1028927,16742628,24028920,10545083
p1-native-t16,17,79255500,62342600,6147800,10246800,875000000,16243472,5128,1,28,1296000,1605688,1029674,16742376,24073236,10548236
p1-native-t16,18,82572700,65660700,6270000,10105300,1031250000,16243648,5128,1,29,1296000,1603799,1029233,16742628,24041892,10545769
p1-native-t16,19,79971300,63587300,5786400,9992800,890625000,16243552,5144,1,30,1296000,1603238,1029147,16742652,24032688,10546068
p1-native-w1,0,609382900,578522900,10628600,19585100,609375000,16239960,1296,1,11,1296000,1601514,1029548,16742088,23990064,10551497
p1-native-w1,1,648286300,619016500,7503200,20812200,640625000,16239832,1296,1,12,1296000,1601226,1028808,16741884,23971260,10541982
p1-native-w1,2,664492200,641252800,11586400,11043600,671875000,16239944,1296,1,13,1296000,1604162,1030332,16742304,24032652,10558837
p1-native-w1,3,660069100,635969500,9707500,13772600,656250000,16239912,1296,1,14,1296000,1603169,1028841,16742604,24028680,10536212
p1-native-w1,4,601674700,584949300,5691900,10470400,593750000,16239800,1296,1,15,1296000,1603199,1029501,16742460,24024984,10548706
p1-native-w1,5,627453600,610107600,6242100,10585200,640625000,16239944,1296,1,16,1296000,1603145,1029289,16742568,24020772,10545658
p1-native-w1,6,657512400,641064400,5710800,10202600,640625000,16239976,1296,1,17,1296000,1602119,1029032,16742796,24007992,10542607
p1-native-w1,7,582095500,565089400,6092300,10359000,578125000,16239768,1296,1,18,1296000,1602602,1029184,16742628,24026904,10544779
p1-native-w1,8,635417900,616518300,6286700,11720200,625000000,16239944,1296,1,19,1296000,1604727,1030069,16742304,24056640,10553667
p1-native-w1,9,887499000,869559000,6962000,10382300,875000000,16239592,1296,1,20,1296000,1603017,1029288,16742328,24021960,10545771
p1-native-w1,10,691891000,674000200,7044600,10134900,703125000,16239832,1296,1,21,1296000,1604878,1029723,16742388,24050148,10548778
p1-native-w1,11,576138900,558329600,7070200,10096400,578125000,16239704,1296,1,22,1296000,1603358,1029323,16742316,24031728,10545347
p1-native-w1,12,659195200,640928400,7356400,10304200,656250000,16239816,1296,1,23,1296000,1604945,1029769,16742568,24071904,10552973
p1-native-w1,13,595017000,572442700,11006700,11043100,515625000,16239784,1296,1,24,1296000,1602753,1029419,16742292,24015072,10547814
p1-native-w1,14,653563200,636707500,5989200,10159800,640625000,16239672,1296,1,25,1296000,1603461,1028381,16742628,24032532,10534626
p1-native-w1,15,713834900,697190200,5829400,10278900,703125000,16239816,1296,1,26,1296000,1603176,1029915,16742724,24014124,10550283
p1-native-w1,16,610506900,594143200,5832400,10013600,609375000,16239848,1296,1,27,1296000,1602890,1028927,16742628,24028920,10545083
p1-native-w1,17,601124300,584870300,5764800,9975300,609375000,16239640,1296,1,28,1296000,1605688,1029674,16742376,24073236,10548236
p1-native-w1,18,619013900,602764900,5677700,10050500,625000000,16239816,1296,1,29,1296000,1603799,1029233,16742628,24041892,10545769
p1-native-w1,19,579751100,563498900,5744600,9971900,578125000,16239720,1312,1,30,1296000,1603238,1029147,16742652,24032688,10546068
p1-native-w10,0,92802400,75109800,6650800,10419500,796875000,16242624,3960,1,11,1296000,1601514,1029548,16742088,23990064,10551497
p1-native-w10,1,96191500,78204900,7037500,10369500,796875000,16242496,3960,1,12,1296000,1601226,1028808,16741884,23971260,10541982
p1-native-w10,2,96588900,73929500,11659900,10396000,671875000,16242608,3960,1,13,1296000,1604162,1030332,16742304,24032652,10558837
p1-native-w10,3,91639400,73518200,7245100,10293200,609375000,16242576,3960,1,14,1296000,1603169,1028841,16742604,24028680,10536212
p1-native-w10,4,91224700,73278800,7060000,10284700,656250000,16242488,3984,1,15,1296000,1603199,1029501,16742460,24024984,10548706
p1-native-w10,5,92298800,74208100,7162300,10277900,796875000,16243288,3960,1,16,1296000,1603145,1029289,16742568,24020772,10545658
p1-native-w10,6,91743600,73724200,7139900,10275500,796875000,16242640,3960,1,17,1296000,1602119,1029032,16742796,24007992,10542607
p1-native-w10,7,90954200,72955500,7213600,10147400,796875000,16242432,3960,1,18,1296000,1602602,1029184,16742628,24026904,10544779
p1-native-w10,8,92355500,74334800,7169200,10256300,796875000,16242632,3984,1,19,1296000,1604727,1030069,16742304,24056640,10553667
p1-native-w10,9,92744600,74924500,7118900,10091200,781250000,16242256,3960,1,20,1296000,1603017,1029288,16742328,24021960,10545771
p1-native-w10,10,90338800,72556100,7063200,10078400,687500000,16242496,3960,1,21,1296000,1604878,1029723,16742388,24050148,10548778
p1-native-w10,11,92875900,74658500,7502600,10082600,656250000,16242368,3960,1,22,1296000,1603358,1029323,16742316,24031728,10545347
p1-native-w10,12,94617200,75544800,8358600,10085700,656250000,16242504,3984,1,23,1296000,1604945,1029769,16742568,24071904,10552973
p1-native-w10,13,91878100,73288700,7594400,10437100,656250000,16242472,3984,1,24,1296000,1602753,1029419,16742292,24015072,10547814
p1-native-w10,14,90163800,73559100,6053700,10005500,625000000,16242360,3984,1,25,1296000,1603461,1028381,16742628,24032532,10534626
p1-native-w10,15,89426500,72400600,6292400,10191900,796875000,16242504,3984,1,26,1296000,1603176,1029915,16742724,24014124,10550283
p1-native-w10,16,90670700,74274400,5761500,10098300,796875000,16242512,3960,1,27,1296000,1602890,1028927,16742628,24028920,10545083
p1-native-w10,17,90872000,74455100,5898700,9983000,796875000,16242328,3984,1,28,1296000,1605688,1029674,16742376,24073236,10548236
p1-native-w10,18,89797500,73021200,5995400,10254500,640625000,16242480,3960,1,29,1296000,1603799,1029233,16742628,24041892,10545769
p1-native-w10,19,90167300,73619100,5926100,10008900,781250000,16242384,3976,1,30,1296000,1603238,1029147,16742652,24032688,10546068
p1-native-w14,0,87057600,68189600,7761000,10465500,890625000,16243816,5152,1,11,1296000,1601514,1029548,16742088,23990064,10551497
p1-native-w14,1,88515500,70177300,7335600,10392200,890625000,16243664,5128,1,12,1296000,1601226,1028808,16741884,23971260,10541982
p1-native-w14,2,88947600,69204900,8763900,10433000,1093750000,16243776,5128,1,13,1296000,1604162,1030332,16742304,24032652,10558837
p1-native-w14,3,84053200,66814900,6357100,10367200,890625000,16243768,5152,1,14,1296000,1603169,1028841,16742604,24028680,10536212
p1-native-w14,4,81263600,64471300,5978500,10286000,1062500000,16243632,5128,1,15,1296000,1603199,1029501,16742460,24024984,10548706
p1-native-w14,5,81730500,64876000,5791400,10483500,890625000,16244456,5128,1,16,1296000,1603145,1029289,16742568,24020772,10545658
p1-native-w14,6,80258700,63618300,5863400,10220400,890625000,16243832,5152,1,17,1296000,1602119,1029032,16742796,24007992,10542607
p1-native-w14,7,82013100,65220800,6076300,10143900,875000000,16243600,5128,1,18,1296000,1602602,1029184,16742628,24026904,10544779
p1-native-w14,8,82057700,65320500,6057600,10144900,906250000,16243800,5152,1,19,1296000,1604727,1030069,16742304,24056640,10553667
p1-native-w14,9,84232300,66559600,6959500,10137300,890625000,16243448,5152,1,20,1296000,1603017,1029288,16742328,24021960,10545771
p1-native-w14,10,87081600,68688000,7555800,10126700,890625000,16243664,5128,1,21,1296000,1604878,1029723,16742388,24050148,10548778
p1-native-w14,11,87150300,69355600,7066300,10112900,906250000,16243536,5128,1,22,1296000,1603358,1029323,16742316,24031728,10545347
p1-native-w14,12,86286100,68331800,7292500,10057000,906250000,16243936,5416,1,23,1296000,1604945,1029769,16742568,24071904,10552973
p1-native-w14,13,84534300,64581400,9238000,10180200,890625000,16243640,5152,1,24,1296000,1602753,1029419,16742292,24015072,10547814
p1-native-w14,14,81406300,64785500,5937100,10106300,890625000,16243504,5128,1,25,1296000,1603461,1028381,16742628,24032532,10534626
p1-native-w14,15,84530000,68127900,5757400,10086500,1078125000,16243672,5152,1,26,1296000,1603176,1029915,16742724,24014124,10550283
p1-native-w14,16,83206800,66913800,5758600,10015800,875000000,16243680,5128,1,27,1296000,1602890,1028927,16742628,24028920,10545083
p1-native-w14,17,77332000,61002800,5760900,10048800,890625000,16243472,5128,1,28,1296000,1605688,1029674,16742376,24073236,10548236
p1-native-w14,18,84920700,68361000,6010200,10015900,890625000,16243648,5128,1,29,1296000,1603799,1029233,16742628,24041892,10545769
p1-native-w14,19,82377500,65871100,5890800,10019200,1109375000,16243576,5168,1,30,1296000,1603238,1029147,16742652,24032688,10546068
p1-native-w20,0,76506800,58272100,7208200,10382000,1093750000,16245552,6888,1,11,1296000,1601514,1029548,16742088,23990064,10551497
p1-native-w20,1,72731400,54429900,7313400,10405400,1234375000,16245424,6888,1,12,1296000,1601226,1028808,16741884,23971260,10541982
p1-native-w20,2,74907900,56174800,7686800,10366000,1234375000,16245536,6888,1,13,1296000,1604162,1030332,16742304,24032652,10558837
p1-native-w20,3,73091100,54668300,7630100,10265400,953125000,16245768,7152,1,14,1296000,1603169,1028841,16742604,24028680,10536212
p1-native-w20,4,71242400,54562200,5929700,10231400,906250000,16245416,6912,1,15,1296000,1603199,1029501,16742460,24024984,10548706
p1-native-w20,5,71250300,54459600,6072500,10190400,1171875000,16245584,6936,1,16,1296000,1603145,1029289,16742568,24020772,10545658
p1-native-w20,6,71337800,54719700,5931900,10142700,953125000,16245568,6888,1,17,1296000,1602119,1029032,16742796,24007992,10542607
p1-native-w20,7,72155600,55056200,6314900,10154300,1187500000,16245360,6888,1,18,1296000,1602602,1029184,16742628,24026904,10544779
p1-native-w20,8,71523600,54476100,6317300,10168700,937500000,16245512,6864,1,19,1296000,1604727,1030069,16742304,24056640,10553667
p1-native-w20,9,71156200,54175500,6292000,10145500,1250000000,16245160,6864,1,20,1296000,1603017,1029288,16742328,24021960,10545771
p1-native-w20,10,71370200,54481300,6121600,10144100,968750000,16245424,6888,1,21,1296000,1604878,1029723,16742388,24050148,10548778
p1-native-w20,11,72671900,54826500,7199800,10058100,921875000,16245296,6888,1,22,1296000,1603358,1029323,16742316,24031728,10545347
p1-native-w20,12,72338900,54581200,7120500,10059700,1265625000,16245408,6888,1,23,1296000,1604945,1029769,16742568,24071904,10552973
p1-native-w20,13,72318200,54494400,7111800,10113200,953125000,16245376,6888,1,24,1296000,1602753,1029419,16742292,24015072,10547814
p1-native-w20,14,74842500,55110800,9026600,10143600,906250000,16245264,6888,1,25,1296000,1603461,1028381,16742628,24032532,10534626
p1-native-w20,15,71342600,54646300,6066400,10085200,1265625000,16245432,6912,1,26,1296000,1603176,1029915,16742724,24014124,10550283
p1-native-w20,16,71034400,54403100,6066100,10016700,937500000,16245416,6864,1,27,1296000,1602890,1028927,16742628,24028920,10545083
p1-native-w20,17,71024700,54649900,5856200,10009100,1250000000,16245232,6888,1,28,1296000,1605688,1029674,16742376,24073236,10548236
p1-native-w20,18,71260700,54776400,5900400,10051200,921875000,16245432,6912,1,29,1296000,1603799,1029233,16742628,24041892,10545769
p1-native-w20,19,72496900,55621000,6239300,10045200,937500000,16245312,6904,1,30,1296000,1603238,1029147,16742652,24032688,10546068
p1-native-w6,0,123277000,103741400,8202500,10602700,593750000,16241536,2872,1,11,1296000,1601514,1029548,16742088,23990064,10551497
p1-native-w6,1,119352400,100495900,7867700,10350000,578125000,16241408,2872,1,12,1296000,1601226,1028808,16741884,23971260,10541982
p1-native-w6,2,124025800,104989200,8220500,10290500,562500000,16241520,2872,1,13,1296000,1604162,1030332,16742304,24032652,10558837
p1-native-w6,3,122983000,106428100,5750900,10281400,593750000,16241488,2872,1,14,1296000,1603169,1028841,16742604,24028680,10536212
p1-native-w6,4,123742200,106826200,5937600,10442100,640625000,16241376,2872,1,15,1296000,1603199,1029501,16742460,24024984,10548706
p1-native-w6,5,116997400,100376900,5827100,10216700,671875000,16242200,2872,1,16,1296000,1603145,1029289,16742568,24020772,10545658
p1-native-w6,6,127538800,110549400,6228700,10211000,671875000,16241552,2872,1,17,1296000,1602119,1029032,16742796,24007992,10542607
p1-native-w6,7,121299900,104703200,5837000,10205800,671875000,16241344,2872,1,18,1296000,1602602,1029184,16742628,24026904,10544779
p1-native-w6,8,115903200,99360900,5850900,10179600,531250000,16241544,2896,1,19,1296000,1604727,1030069,16742304,24056640,10553667
p1-native-w6,9,120314500,103551400,6035700,10084400,671875000,16241168,2872,1,20,1296000,1603017,1029288,16742328,24021960,10545771
p1-native-w6,10,124450200,105583100,8003000,10151100,671875000,16241408,2872,1,21,1296000,1604878,1029723,16742388,24050148,10548778
p1-native-w6,11,124509000,104814300,8511300,10567000,671875000,16241280,2872,1,22,1296000,1603358,1029323,16742316,24031728,10545347
p1-native-w6,12,117498700,98609500,8200300,10076600,578125000,16241392,2872,1,23,1296000,1604945,1029769,16742568,24071904,10552973
p1-native-w6,13,120867500,102516500,7667000,10151400,671875000,16241360,2872,1,24,1296000,1602753,1029419,16742292,24015072,10547814
p1-native-w6,14,122944200,106461100,5881900,10050200,671875000,16241248,2872,1,25,1296000,1603461,1028381,16742628,24032532,10534626
p1-native-w6,15,120552000,104193900,5777900,10049200,671875000,16241392,2872,1,26,1296000,1603176,1029915,16742724,24014124,10550283
p1-native-w6,16,133065600,116480800,5866900,10116400,671875000,16241424,2872,1,27,1296000,1602890,1028927,16742628,24028920,10545083
p1-native-w6,17,126685500,109667000,6242400,10224400,671875000,16241216,2872,1,28,1296000,1605688,1029674,16742376,24073236,10548236
p1-native-w6,18,133346000,117056200,5784000,9973200,765625000,16241392,2872,1,29,1296000,1603799,1029233,16742628,24041892,10545769
p1-native-w6,19,126685000,110393300,5699400,9997400,671875000,16241296,2888,1,30,1296000,1603238,1029147,16742652,24032688,10546068
p1-playground-half,0,26441400,4801100,10993100,10028600,15625000,16282496,4200,1,11,324000,0,202578,1471524,0,752962
p1-playground-half,1,22089800,4258100,7180300,9937200,15625000,16282416,4248,1,12,324000,0,202578,1471524,0,752962
p1-playground-half,2,21744200,3919200,7240600,9962500,15625000,16282504,4224,1,13,324000,0,202578,1471524,0,752962
p1-playground-half,3,21479300,3886700,7082300,9899700,234375000,16282424,4176,1,14,324000,0,202578,1471524,0,752962
p1-playground-half,4,21959600,4038300,7285200,10000300,15625000,16282384,4248,1,15,324000,0,202578,1471524,0,752962
p1-playground-half,5,21284500,3779800,7033100,9828200,31250000,16282480,4200,1,16,324000,0,202578,1471524,0,752962
p1-playground-half,6,22652300,3997200,7920500,10048300,15625000,16282488,4176,1,17,324000,0,202578,1471524,0,752962
p1-playground-half,7,23791400,3721200,9182100,10117500,31250000,16282304,4200,1,18,324000,0,202578,1471524,0,752962
p1-playground-half,8,27232400,3915400,12893700,9879900,0,16282480,4200,1,19,324000,0,202578,1471524,0,752962
p1-playground-half,9,20226300,3886000,5981200,9826200,93750000,16282104,4176,1,20,324000,0,202578,1471524,0,752962
p1-playground-native,0,36270000,17617400,7630500,10293800,125000000,16282472,4176,1,11,1296000,0,810326,5885196,0,3013156
p1-playground-native,1,33193300,14867300,7692600,9865500,234375000,16282344,4176,1,12,1296000,0,810326,5885196,0,3013156
p1-playground-native,2,35145000,14618500,9926400,9984000,218750000,16282456,4176,1,13,1296000,0,810326,5885196,0,3013156
p1-playground-native,3,31959700,14872800,6580900,9887100,234375000,16282448,4200,1,14,1296000,0,810326,5885196,0,3013156
p1-playground-native,4,31261200,14630700,6099000,9990900,31250000,16282504,4368,1,15,1296000,0,810326,5885196,0,3013156
p1-playground-native,5,31208200,14804700,5897100,9900300,31250000,16282456,4176,1,16,1296000,0,810326,5885196,0,3013156
p1-playground-native,6,30888700,14468900,5960600,9894300,15625000,16282488,4176,1,17,1296000,0,810326,5885196,0,3013156
p1-playground-native,7,30539800,13866200,6115500,9921600,31250000,16282280,4176,1,18,1296000,0,810326,5885196,0,3013156
p1-playground-native,8,30760100,14141700,6166600,9904200,218750000,16282456,4176,1,19,1296000,0,810326,5885196,0,3013156
p1-playground-native,9,31075000,14329800,6260400,9866500,234375000,16282104,4176,1,20,1296000,0,810326,5885196,0,3013156
p1-playground-quarter,0,19278900,1794500,6891000,9977500,31250000,16282520,4224,1,11,81000,0,50740,368184,0,188623
p1-playground-quarter,1,24283200,2499100,11121500,10048300,31250000,16282368,4200,1,12,81000,0,50740,368184,0,188623
p1-playground-quarter,2,18984800,1264700,7220500,9850800,15625000,16282528,4248,1,13,81000,0,50740,368184,0,188623
p1-playground-quarter,3,20109200,1208700,7818800,10357700,15625000,16282448,4200,1,14,81000,0,50740,368184,0,188623
p1-playground-quarter,4,20470800,1504900,7585500,10705900,15625000,16282360,4224,1,15,81000,0,50740,368184,0,188623
p1-playground-quarter,5,20149600,1456600,7447000,10569800,46875000,16282480,4200,1,16,81000,0,50740,368184,0,188623
p1-playground-quarter,6,19623600,1432900,7330300,10224600,15625000,16282512,4200,1,17,81000,0,50740,368184,0,188623
p1-playground-quarter,7,20391200,1486400,7836800,10367700,15625000,16282304,4200,1,18,81000,0,50740,368184,0,188623
p1-playground-quarter,8,20807500,1442700,7653600,11070800,31250000,16282480,4200,1,19,81000,0,50740,368184,0,188623
p1-playground-quarter,9,20161500,1429400,7580900,10472000,15625000,16282128,4200,1,20,81000,0,50740,368184,0,188623
p1-quality-bounce-room,0,49094200,2115000,32189300,13952100,46875000,16473944,4416,1,6,4096,10073,11509,28672,70511,67230
p1-quality-bounce-room,1,44863000,1263000,29011000,14005500,46875000,16282792,4464,1,7,4096,10134,11648,28672,70938,68207
p1-quality-bounce-room,2,44815000,1340500,28929600,13966200,31250000,16282560,4440,1,8,4096,10097,11596,28672,70679,67750
p1-quality-bounce-room,3,45583900,1471300,29162700,14365800,31250000,16282888,4592,1,9,4096,10098,11629,28672,70686,68104
p1-quality-bounce-room,4,41966600,1078200,29281900,10986200,46875000,16290576,4440,1,10,4096,10124,11663,28672,70868,68113
p1-quality-glass,0,48461700,2449700,32028700,13239300,31250000,16413128,5136,1,6,4096,5039,3224,52848,75792,32982
p1-quality-glass,1,40696300,1175300,26024900,12944800,46875000,16235776,5160,1,7,4096,5026,3211,52920,76272,32956
p1-quality-glass,2,40968400,1389100,26036700,13012700,31250000,16235568,5160,1,8,4096,5103,3260,52872,76128,33251
p1-quality-glass,3,42927900,1352900,27840300,13226900,31250000,16235744,5160,1,9,4096,5045,3290,52932,75636,33910
p1-quality-glass,4,37564200,1111400,26060800,9852100,46875000,16243584,5160,1,10,4096,5145,3236,52944,77772,33057
p1-quality-mesh-room,0,50176500,3464500,32605300,13320800,46875000,16454680,5552,1,6,4096,4979,3868,61129,92412,47559
p1-quality-mesh-room,1,45001600,2515200,28687900,13239200,46875000,16268088,5552,1,7,4096,4879,3813,61308,89907,47309
p1-quality-mesh-room,2,45189100,2843600,28576500,13230400,46875000,16267880,5552,1,8,4096,4959,3904,61348,91137,47739
p1-quality-mesh-room,3,45663700,2745200,28802700,13561800,46875000,16268056,5552,1,9,4096,4882,3861,61303,90228,47725
p1-quality-mesh-room,4,41979600,2514400,28771600,10167100,31250000,16275896,5552,1,10,4096,4847,3818,61105,87614,46801
p1-quality-playground,0,47699200,1370100,32179500,13366000,46875000,16463392,4248,1,6,4096,0,2586,18568,0,9649
p1-quality-playground,1,43457800,928500,28968600,12902900,46875000,16463376,4200,1,7,4096,0,2586,18568,0,9649
p1-quality-playground,2,43657900,1000200,28731300,13363000,46875000,16274240,4200,1,8,4096,0,2586,18568,0,9649
p1-quality-playground,3,43821300,1272100,29009800,13006000,46875000,16274440,4224,1,9,4096,0,2586,18568,0,9649
p1-quality-playground,4,39953400,442100,29001800,9921300,31250000,16282256,4200,1,10,4096,0,2586,18568,0,9649
p1-quality-rough-room,0,45533400,1644300,29826200,13344900,46875000,16464904,5552,1,6,4096,5174,4011,68740,95324,52573
p1-quality-rough-room,1,41389900,1431000,26012700,13285800,31250000,16464936,5552,1,7,4096,5106,3914,68812,93804,51560
p1-quality-rough-room,2,41564900,1561000,26058900,13383700,46875000,16275800,5552,1,8,4096,5162,4029,68812,94544,52612
p1-quality-rough-room,3,42442700,1680500,26823000,13410700,46875000,16275976,5552,1,9,4096,5110,3922,68812,93676,51459
p1-quality-rough-room,4,38588400,1373200,26426700,10174800,31250000,16283816,5552,1,10,4096,5151,4020,68908,94332,52565
p1-quality-volume-room,0,47072000,2559500,30194100,13554600,15625000,16485616,5288,1,6,4096,6525,4820,64680,119847,130634
p1-quality-volume-room,1,41799300,1884300,26019300,13312100,46875000,16292136,5312,1,7,4096,6519,4811,64632,120261,131102
p1-quality-volume-room,2,42384900,2315100,26054400,13453100,46875000,16291928,5312,1,8,4096,6609,4875,64668,120507,131367
p1-quality-volume-room,3,42089500,1986000,26206600,13350300,31250000,16292104,5312,1,9,4096,6539,4781,64596,118077,126346
p1-quality-volume-room,4,38801700,1692000,26305800,10194300,46875000,16299952,5312,1,10,4096,6499,4830,64644,118281,130632
p1-rectangular,0,41439300,3190500,27089600,9948100,31250000,16410376,2384,1,3,4891,6089,3822,63132,92232,39185
p1-rectangular,1,44961700,3321100,27258600,13186100,62500000,16410368,2408,1,4,4891,6024,3911,63180,89976,39899
p1-rectangular,2,43878900,2262100,27630100,13043400,46875000,16410232,2384,1,5,4891,6147,3938,63216,92112,40361
p1-rough-room-half,0,42215400,25575400,5902500,10193200,421875000,16284056,5552,1,11,324000,409201,317795,5442996,7488952,4161578
p1-rough-room-half,1,38690700,22140300,5751900,10259100,453125000,16283976,5600,1,12,324000,408499,317411,5443128,7474936,4155740
p1-rough-room-half,2,39887200,23450600,5680800,10159300,234375000,16284064,5576,1,13,324000,408581,317508,5443128,7477220,4156447
p1-rough-room-half,3,39347800,22944800,5675000,10174600,453125000,16284056,5600,1,14,324000,408672,317346,5443044,7478760,4154442
p1-rough-room-half,4,39265800,22811400,5691200,10205700,234375000,16283896,5552,1,15,324000,408307,317457,5442972,7470340,4154791
p1-rough-room-half,5,39459900,21528100,7031600,10284400,453125000,16284016,5528,1,16,324000,408179,317067,5443068,7470764,4152632
p1-rough-room-half,6,39754300,22066200,6916100,10140300,234375000,16284096,5576,1,17,324000,408441,317427,5443068,7469976,4155559
p1-rough-room-half,7,43185800,21267600,11067000,10279300,390625000,16283888,5576,1,18,324000,408726,317468,5442948,7484976,4155481
p1-rough-room-half,8,39018600,22577300,5772400,10142100,453125000,16284064,5576,1,19,324000,409079,317777,5443152,7490480,4157009
p1-rough-room-half,9,37807900,21382700,5746600,10144300,234375000,16283736,5600,1,20,324000,409051,318077,5442720,7485760,4163708
p1-rough-room-native,0,106281700,87515000,7412400,10718100,1171875000,16284080,5576,1,11,1296000,1636288,1270781,21772020,29957416,16635165
p1-rough-room-native,1,105814100,87733200,7208000,10222300,1109375000,16283928,5552,1,12,1296000,1634106,1269010,21771996,29914536,16607733
p1-rough-room-native,2,106446000,84238500,11339500,10297000,1328125000,16284040,5552,1,13,1296000,1635493,1270659,21772428,29936920,16632163
p1-rough-room-native,3,99440100,82916900,5770000,10192100,1203125000,16284008,5552,1,14,1296000,1635748,1270241,21772320,29949784,16623008
p1-rough-room-native,4,98471600,81917000,5755000,10244500,1109375000,16283872,5528,1,15,1296000,1635373,1270495,21771912,29931364,16628396
p1-rough-room-native,5,105579100,88382500,6121100,10494800,1234375000,16284040,5552,1,16,1296000,1634422,1269717,21771948,29922016,16619800
p1-rough-room-native,6,105922000,89204400,5922300,10213600,1109375000,16284072,5552,1,17,1296000,1635071,1270142,21771996,29936924,16620677
p1-rough-room-native,7,109480600,92488300,6205000,10183400,1328125000,16283840,5528,1,18,1296000,1636504,1271642,21772272,29958064,16644508
p1-rough-room-native,8,104587900,87629700,5957400,10427800,1250000000,16284040,5552,1,19,1296000,1635933,1270287,21772092,29950980,16627053
p1-rough-room-native,9,115721600,98923000,6050100,10160200,1359375000,16283712,5576,1,20,1296000,1637410,1272054,21772452,29989864,16649270
p1-rough-room-quarter,0,25858900,7976700,6847800,10365900,140625000,16284080,5576,1,11,81000,102287,79179,1360860,1873196,1036912
p1-rough-room-quarter,1,26458400,6531900,9113000,10209800,218750000,16283976,5600,1,12,81000,102179,79453,1360524,1870988,1040422
p1-rough-room-quarter,2,24085800,6222100,7002800,10225600,15625000,16284136,5648,1,13,81000,102030,79350,1360644,1866564,1038104
p1-rough-room-quarter,3,24023100,6193600,6978500,10247400,234375000,16284008,5552,1,14,81000,101927,79181,1360584,1864580,1036933
p1-rough-room-quarter,4,23942200,6127500,6983200,10251600,15625000,16283920,5576,1,15,81000,102154,79323,1360788,1871884,1037657
p1-rough-room-quarter,5,24291200,6408100,6954300,10315800,31250000,16284064,5576,1,16,81000,102071,79370,1360668,1869200,1040594
p1-rough-room-quarter,6,23922300,6163800,6959400,10186100,31250000,16284096,5576,1,17,81000,102281,79527,1360776,1871048,1041139
p1-rough-room-quarter,7,24254700,6550300,6917700,10195700,15625000,16283936,5624,1,18,81000,101709,79142,1360752,1857696,1036858
p1-rough-room-quarter,8,23911800,6240400,6966900,10118100,156250000,16284064,5576,1,19,81000,102264,79347,1360620,1872792,1038640
p1-rough-room-quarter,9,24096400,6265500,7027100,10215900,15625000,16283688,5552,1,20,81000,102994,79886,1361040,1886476,1045205
p1-volume-room-half,0,70245400,49899900,9517600,10241300,671875000,16300216,5336,1,11,324000,518165,383866,5113260,9412011,10248483
p1-volume-room-half,1,48522000,31936700,5821400,10209800,453125000,16300064,5312,1,12,324000,516643,383054,5113308,9387957,10237181
p1-volume-room-half,2,46719600,30283300,5692800,10169800,453125000,16300176,5312,1,13,324000,517041,383051,5113236,9399819,10233184
p1-volume-room-half,3,50896600,34560300,5626600,10157000,453125000,16300144,5312,1,14,324000,518985,384307,5113200,9439527,10281864
p1-volume-room-half,4,46571500,29970200,5779800,10280200,453125000,16300032,5312,1,15,324000,517636,383530,5113536,9405216,10236789
p1-volume-room-half,5,46114300,29760400,5608200,10164600,421875000,16300880,5336,1,16,324000,519399,384854,5113416,9450669,10314558
p1-volume-room-half,6,47342900,30928800,5619600,10237700,453125000,16300232,5336,1,17,324000,516588,382618,5113284,9382944,10200856
p1-volume-room-half,7,48988000,31043700,6935500,10371000,453125000,16300024,5336,1,18,324000,517397,383666,5113296,9411483,10273875
p1-volume-room-half,8,51405700,30908200,9771000,10188100,453125000,16300200,5336,1,19,324000,516565,382759,5113512,9390495,10222555
p1-volume-room-half,9,46529300,30138900,5715900,10127400,250000000,16299872,5360,1,20,324000,516742,382953,5113332,9393102,10219137
p1-volume-room-native,0,152754800,134676400,7095300,10279900,1718750000,16300168,5288,1,11,1296000,2071257,1534433,20453604,37647003,40975100
p1-volume-room-native,1,146448900,128440500,7082600,10256300,1703125000,16300040,5288,1,12,1296000,2069657,1533155,20453628,37614159,40944953
p1-volume-room-native,2,148983300,126506800,11405600,10484800,1703125000,16300152,5288,1,13,1296000,2071919,1534140,20453448,37648269,40949785
p1-volume-room-native,3,143736500,127185500,5825300,10159900,1765625000,16300144,5312,1,14,1296000,2075100,1537629,20453244,37711800,41086982
p1-volume-room-native,4,145030700,128425100,5875600,10171700,1765625000,16300008,5288,1,15,1296000,2069590,1533964,20453424,37583478,40919938
p1-volume-room-native,5,161389400,129491700,9812400,21049300,1781250000,16300152,5288,1,16,1296000,2072270,1535276,20453688,37673190,41050155
p1-volume-room-native,6,168298200,136565700,9572200,21121800,2000000000,16300184,5288,1,17,1296000,2071940,1534334,20453508,37663632,40983599
p1-volume-room-native,7,169693600,137384600,10057300,21165600,1984375000,16299976,5288,1,18,1296000,2073234,1535699,20453292,37680186,41009239
p1-volume-room-native,8,168352300,137224900,9870000,20664700,1984375000,16300176,5312,1,19,1296000,2069478,1534113,20453628,37603494,40970922
p1-volume-room-native,9,175874200,143879400,9896300,21089200,2000000000,16299800,5288,1,20,1296000,2072960,1535680,20453748,37687992,41007336
p1-volume-room-quarter,0,27915100,9944000,6837200,10354900,203125000,16300168,5288,1,11,81000,129210,95642,1278396,2343162,2537126
p1-volume-room-quarter,1,29436600,8509800,10135700,10183100,234375000,16300112,5360,1,12,81000,129466,96049,1278240,2350098,2563707
p1-volume-room-quarter,2,26290300,8620600,6900400,10146400,203125000,16300176,5312,1,13,81000,129429,95808,1278300,2348883,2547816
p1-volume-room-quarter,3,26996900,9279300,6958900,10148800,15625000,16300192,5360,1,14,81000,129429,95749,1278216,2348451,2546962
p1-volume-room-quarter,4,34904300,17057600,7044200,10196000,203125000,16300080,5360,1,15,81000,129096,95561,1278408,2349828,2554701
p1-volume-room-quarter,5,26850700,9015900,7078100,10142200,15625000,16300200,5336,1,16,81000,129947,96195,1278372,2367249,2573714
p1-volume-room-quarter,6,27003300,9271100,6913900,10197500,31250000,16300328,5432,1,17,81000,128913,95495,1278300,2335647,2527134
p1-volume-room-quarter,7,26561500,8920500,6860000,10161500,234375000,16300024,5336,1,18,81000,128252,95054,1278348,2326428,2522317
p1-volume-room-quarter,8,26416500,8693200,6981600,10146200,31250000,16300176,5312,1,19,81000,129429,95989,1278396,2349063,2563347
p1-volume-room-quarter,9,27512700,9832500,6917400,10149600,15625000,16299848,5336,1,20,81000,130137,96405,1278312,2365887,2582457
